Name,Day,Time,Count,Time Offset,LocNumber,Failures,Hauled Out,Satellites,InitLat,InitLon,InitTime,InitType,Latitude,Longitude,Height,Bad Sats,R95,Residual,Time Error,TWIC Power,Fastloc Power,Noise,Range Bits,Id,Range,Signal,Doppler,CNR,Id,Range,Signal,Doppler,CNR,Id,Range,Signal,Doppler,CNR,Id,Range,Signal,Doppler,CNR,Id,Range,Signal,Doppler,CNR,Id,Range,Signal,Doppler,CNR,Id,Range,Signal,Doppler,CNR,Id,Range,Signal,Doppler,CNR,Id,Range,Signal,Doppler,CNR,Id,Range,Signal,Doppler,CNR,Id,Range,Signal,Doppler,CNR,Id,Range,Signal,Doppler,CNR,Id,Range,Signal,Doppler,CNR,Id,Range,Signal,Doppler,CNR,Id,Range,Signal,Doppler,CNR
HF2024_1006_22U3194,07-May-2024,01:42:00,2,19664412.000000,,,0,8,,,,,,,,,,,,,,,15,10,4772,,,,8,27079,,,,27,32334,,,,32,21036,,,,21,14356,,,,16,19269,,,,2,7038,,,,23,1273,,,,,,,,,,,,,,,,,,,,,,,,,,,,,,,,,,,,,,
HF2024_1006_22U3194,07-May-2024,03:23:23,1,14979365.000000,,,0,4,,,,,,,,,,,,,,,15,32,23274,,,,2,3927,,,,10,7837,,,,21,20598,,,,,,,,,,,,,,,,,,,,,,,,,,,,,,,,,,,,,,,,,,,,,,,,,,,,,,,,,,
HF2024_1006_22U3194,07-May-2024,04:08:09,4,12910643.000000,,,0,4,,,,,,,,,,,,,,,15,32,16036,,,,2,18288,,,,3,16849,,,,21,25385,,,,,,,,,,,,,,,,,,,,,,,,,,,,,,,,,,,,,,,,,,,,,,,,,,,,,,,,,,
HF2024_1006_22U3194,07-May-2024,16:43:13,1,1.000000,,,0,5,,,,,,,,,,,,,,,15,19,22368,,,,24,16564,,,,12,9708,,,,17,31624,,,,25,15028,,,,,,,,,,,,,,,,,,,,,,,,,,,,,,,,,,,,,,,,,,,,,,,,,,,,,
HF2024_1006_22U3194,07-May-2024,18:27:07,1,1.000000,,,0,4,,,,,,,,,,,,,,,15,29,29460,,,,32,5554,,,,25,23921,,,,12,24170,,,,,,,,,,,,,,,,,,,,,,,,,,,,,,,,,,,,,,,,,,,,,,,,,,,,,,,,,,
HF2024_1006_22U3194,07-May-2024,19:01:05,3,1.000000,,,0,8,,,,,,,,,,,,,,,15,29,14539,,,,32,1509,,,,31,11943,,,,28,22617,,,,25,11176,,,,12,2473,,,,11,28102,,,,1,7775,,,,,,,,,,,,,,,,,,,,,,,,,,,,,,,,,,,,,,
HF2024_1006_22U3194,08-May-2024,02:02:47,1,1.000000,,,0,8,,,,,,,,,,,,,,,15,23,12786,,,,10,19550,,,,14,22318,,,,22,8122,,,,2,22336,,,,21,32243,,,,8,31622,,,,32,17029,,,,,,,,,,,,,,,,,,,,,,,,,,,,,,,,,,,,,,
HF2024_1006_22U3194,08-May-2024,08:46:00,1,1.000000,,,0,4,,,,,,,,,,,,,,,15,4,12064,,,,16,18841,,,,9,25510,,,,26,25113,,,,,,,,,,,,,,,,,,,,,,,,,,,,,,,,,,,,,,,,,,,,,,,,,,,,,,,,,,
HF2024_1006_22U3194,08-May-2024,15:18:10,1,1.000000,,,0,7,,,,,,,,,,,,,,,15,10,21202,,,,23,17272,,,,24,23856,,,,12,2841,,,,32,1518,,,,15,3707,,,,19,3462,,,,,,,,,,,,,,,,,,,,,,,,,,,,,,,,,,,,,,,,,,,
HF2024_1006_22U3194,08-May-2024,17:15:44,1,1.000000,,,0,5,,,,,,,,,,,,,,,15,12,32042,,,,32,9013,,,,25,24993,,,,28,18855,,,,24,25746,,,,,,,,,,,,,,,,,,,,,,,,,,,,,,,,,,,,,,,,,,,,,,,,,,,,,
HF2024_1006_22U3194,08-May-2024,18:59:47,2,1.000000,,,0,8,,,,,,,,,,,,,,,15,28,32556,,,,31,28112,,,,29,30950,,,,25,11964,,,,12,29804,,,,4,5515,,,,11,686,,,,3,24833,,,,,,,,,,,,,,,,,,,,,,,,,,,,,,,,,,,,,,
HF2024_1006_22U3194,08-May-2024,19:33:27,5,1.000000,,,0,6,,,,,,,,,,,,,,,15,29,28395,,,,28,15010,,,,1,25044,,,,26,25152,,,,31,29990,,,,25,8271,,,,,,,,,,,,,,,,,,,,,,,,,,,,,,,,,,,,,,,,,,,,,,,,
HF2024_1006_22U3194,08-May-2024,21:10:20,3,1.000000,,,0,8,,,,,,,,,,,,,,,15,1,20044,,,,16,19273,,,,26,2934,,,,31,2677,,,,4,18732,,,,9,4309,,,,28,29278,,,,29,15461,,,,,,,,,,,,,,,,,,,,,,,,,,,,,,,,,,,,,,
HF2024_1006_22U3194,08-May-2024,23:00:02,2,1.000000,,,0,8,,,,,,,,,,,,,,,15,5,80,,,,7,17451,,,,18,31860,,,,27,16418,,,,15,10910,,,,29,25291,,,,1,4308,,,,26,9673,,,,,,,,,,,,,,,,,,,,,,,,,,,,,,,,,,,,,,
HF2024_1006_22U3194,09-May-2024,00:50:41,1,1.000000,,,0,8,,,,,,,,,,,,,,,15,8,19800,,,,10,6748,,,,30,15264,,,,27,27373,,,,15,3660,,,,23,6743,,,,7,30248,,,,18,1937,,,,,,,,,,,,,,,,,,,,,,,,,,,,,,,,,,,,,,
HF2024_1006_22U3194,09-May-2024,02:42:36,1,1.000000,,,0,8,,,,,,,,,,,,,,,15,22,25883,,,,24,8183,,,,10,16275,,,,23,14542,,,,14,16664,,,,32,6851,,,,2,25694,,,,21,99,,,,,,,,,,,,,,,,,,,,,,,,,,,,,,,,,,,,,,
HF2024_1006_22U3194,09-May-2024,18:30:15,4,1.000000,,,0,7,,,,,,,,,,,,,,,15,31,22607,,,,25,32448,,,,28,16465,,,,6,30842,,,,3,8992,,,,12,4861,,,,11,29754,,,,,,,,,,,,,,,,,,,,,,,,,,,,,,,,,,,,,,,,,,,
HF2024_1006_22U3194,09-May-2024,20:29:39,1,1.000000,,,0,7,,,,,,,,,,,,,,,15,29,11271,,,,1,9222,,,,18,29550,,,,31,11964,,,,26,152,,,,25,32161,,,,28,7940,,,,,,,,,,,,,,,,,,,,,,,,,,,,,,,,,,,,,,,,,,,
HF2024_1006_22U3194,09-May-2024,23:00:01,2,1.000000,,,0,8,,,,,,,,,,,,,,,15,18,11355,,,,27,15078,,,,1,5280,,,,26,13037,,,,23,21964,,,,16,21533,,,,10,12280,,,,7,15155,,,,,,,,,,,,,,,,,,,,,,,,,,,,,,,,,,,,,,
HF2024_1006_22U3194,10-May-2024,06:48:00,2,1.000000,,,0,6,,,,,,,,,,,,,,,15,4,5258,,,,3,15570,,,,6,20669,,,,19,3423,,,,9,16222,,,,31,32337,,,,,,,,,,,,,,,,,,,,,,,,,,,,,,,,,,,,,,,,,,,,,,,,
HF2024_1006_22U3194,10-May-2024,08:47:22,1,1.000000,,,0,4,,,,,,,,,,,,,,,15,9,28835,,,,7,4042,,,,20,17670,,,,6,15567,,,,,,,,,,,,,,,,,,,,,,,,,,,,,,,,,,,,,,,,,,,,,,,,,,,,,,,,,,
HF2024_1006_22U3194,10-May-2024,10:45:19,2,1.000000,,,0,6,,,,,,,,,,,,,,,15,5,16074,,,,13,10099,,,,20,18049,,,,30,29152,,,,7,16876,,,,11,14723,,,,,,,,,,,,,,,,,,,,,,,,,,,,,,,,,,,,,,,,,,,,,,,,
HF2024_1006_22U3194,10-May-2024,18:59:28,1,1.000000,,,0,6,,,,,,,,,,,,,,,15,12,5316,,,,25,2814,,,,29,29949,,,,11,7526,,,,28,15080,,,,32,9011,,,,,,,,,,,,,,,,,,,,,,,,,,,,,,,,,,,,,,,,,,,,,,,,
HF2024_1006_22U3194,10-May-2024,20:44:04,4,1.000000,,,0,8,,,,,,,,,,,,,,,15,26,2404,,,,31,8024,,,,1,31878,,,,16,1339,,,,29,10102,,,,4,10427,,,,28,30846,,,,18,3909,,,,,,,,,,,,,,,,,,,,,,,,,,,,,,,,,,,,,,
HF2024_1006_22U3194,10-May-2024,22:43:40,4,1.000000,,,0,5,,,,,,,,,,,,,,,15,18,19531,,,,5,4068,,,,29,3989,,,,1,15558,,,,7,10336,,,,,,,,,,,,,,,,,,,,,,,,,,,,,,,,,,,,,,,,,,,,,,,,,,,,,
HF2024_1006_22U3194,11-May-2024,00:35:10,2,1.000000,,,0,8,,,,,,,,,,,,,,,15,21,31601,,,,27,7146,,,,10,22650,,,,8,11286,,,,2,20442,,,,15,13463,,,,7,17588,,,,16,16239,,,,,,,,,,,,,,,,,,,,,,,,,,,,,,,,,,,,,,
HF2024_1006_22U3194,11-May-2024,03:00:01,1,1.000000,,,0,7,,,,,,,,,,,,,,,15,3,7875,,,,2,28500,,,,14,12317,,,,8,14032,,,,21,22842,,,,17,26763,,,,32,9542,,,,,,,,,,,,,,,,,,,,,,,,,,,,,,,,,,,,,,,,,,,
HF2024_1006_22U3194,11-May-2024,04:00:00,1,1.000000,,,0,2,,,,,,,,,,,,,,,15,32,584,,,,8,8192,,,,,,,,,,,,,,,,,,,,,,,,,,,,,,,,,,,,,,,,,,,,,,,,,,,,,,,,,,,,,,,,,,,,
HF2024_1006_22U3194,11-May-2024,04:49:29,2,1.000000,,,0,8,,,,,,,,,,,,,,,15,19,13735,,,,32,25421,,,,17,32364,,,,12,13836,,,,3,6794,,,,2,18541,,,,21,17272,,,,6,14061,,,,,,,,,,,,,,,,,,,,,,,,,,,,,,,,,,,,,,
HF2024_1006_22U3194,11-May-2024,05:51:02,10,1.000000,,,0,6,,,,,,,,,,,,,,,15,31,22920,,,,3,23996,,,,4,18822,,,,2,20338,,,,28,14780,,,,17,29881,,,,,,,,,,,,,,,,,,,,,,,,,,,,,,,,,,,,,,,,,,,,,,,,
HF2024_1006_22U3194,11-May-2024,12:53:22,3,1.000000,,,0,4,,,,,,,,,,,,,,,15,23,29061,,,,15,2784,,,,5,155,,,,18,29662,,,,,,,,,,,,,,,,,,,,,,,,,,,,,,,,,,,,,,,,,,,,,,,,,,,,,,,,,,
HF2024_1006_22U3194,11-May-2024,16:42:16,3,1.000000,,,0,7,,,,,,,,,,,,,,,15,32,31605,,,,12,14224,,,,24,5794,,,,25,25107,,,,28,24188,,,,17,17521,,,,19,2710,,,,,,,,,,,,,,,,,,,,,,,,,,,,,,,,,,,,,,,,,,,
HF2024_1006_22U3194,11-May-2024,17:03:52,4,1.000000,,,0,7,,,,,,,,,,,,,,,15,12,6405,,,,25,3746,,,,24,28698,,,,32,20105,,,,19,22212,,,,6,16587,,,,3,6236,,,,,,,,,,,,,,,,,,,,,,,,,,,,,,,,,,,,,,,,,,,
HF2024_1006_22U3194,11-May-2024,19:57:40,3,1.000000,,,0,8,,,,,,,,,,,,,,,15,25,25230,,,,20,14442,,,,28,8633,,,,29,15388,,,,11,28998,,,,12,17957,,,,31,22406,,,,1,11969,,,,,,,,,,,,,,,,,,,,,,,,,,,,,,,,,,,,,,
HF2024_1006_22U3194,11-May-2024,21:00:01,2,1.000000,,,0,8,,,,,,,,,,,,,,,15,18,13838,,,,5,13779,,,,1,12457,,,,29,31130,,,,28,11922,,,,26,30745,,,,31,23072,,,,25,5221,,,,,,,,,,,,,,,,,,,,,,,,,,,,,,,,,,,,,,
HF2024_1006_22U3194,11-May-2024,22:56:52,1,1.000000,,,0,8,,,,,,,,,,,,,,,15,7,2487,,,,27,5377,,,,8,21128,,,,1,23752,,,,5,25640,,,,10,9663,,,,30,25052,,,,18,7491,,,,,,,,,,,,,,,,,,,,,,,,,,,,,,,,,,,,,,
HF2024_1006_22U3194,12-May-2024,00:24:14,1,1.000000,,,0,8,,,,,,,,,,,,,,,15,21,12744,,,,7,5876,,,,2,31889,,,,8,6831,,,,30,29844,,,,27,23793,,,,16,22116,,,,10,12695,,,,,,,,,,,,,,,,,,,,,,,,,,,,,,,,,,,,,,
HF2024_1006_22U3194,12-May-2024,07:03:55,1,1.000000,,,0,5,,,,,,,,,,,,,,,15,6,555,,,,9,18192,,,,19,32144,,,,17,6200,,,,11,20418,,,,,,,,,,,,,,,,,,,,,,,,,,,,,,,,,,,,,,,,,,,,,,,,,,,,,
HF2024_1006_22U3194,12-May-2024,08:00:20,1,1.000000,,,0,6,,,,,,,,,,,,,,,15,4,31765,,,,9,22469,,,,7,6762,,,,26,20649,,,,6,19228,,,,1,2079,,,,,,,,,,,,,,,,,,,,,,,,,,,,,,,,,,,,,,,,,,,,,,,,
HF2024_1006_22U3194,12-May-2024,16:30:21,2,1.000000,,,0,6,,,,,,,,,,,,,,,15,32,11178,,,,25,19720,,,,12,25742,,,,24,23230,,,,19,6754,,,,28,10057,,,,,,,,,,,,,,,,,,,,,,,,,,,,,,,,,,,,,,,,,,,,,,,,
HF2024_1006_22U3194,12-May-2024,20:35:49,3,1.000000,,,0,8,,,,,,,,,,,,,,,15,1,21888,,,,16,23751,,,,26,25679,,,,20,20618,,,,4,960,,,,31,32055,,,,5,18932,,,,29,31337,,,,,,,,,,,,,,,,,,,,,,,,,,,,,,,,,,,,,,
HF2024_1006_22U3194,12-May-2024,21:00:02,3,1.000000,,,0,8,,,,,,,,,,,,,,,15,29,5567,,,,1,31256,,,,20,6546,,,,16,22506,,,,5,6594,,,,26,20081,,,,18,13668,,,,9,17395,,,,,,,,,,,,,,,,,,,,,,,,,,,,,,,,,,,,,,
HF2024_1006_22U3194,12-May-2024,22:58:08,2,1.000000,,,0,8,,,,,,,,,,,,,,,15,18,31296,,,,27,21278,,,,23,1767,,,,16,22778,,,,5,7026,,,,13,23109,,,,7,15388,,,,15,20859,,,,,,,,,,,,,,,,,,,,,,,,,,,,,,,,,,,,,,
HF2024_1006_22U3194,13-May-2024,01:00:01,1,1.000000,,,0,8,,,,,,,,,,,,,,,15,23,8218,,,,10,23934,,,,8,27680,,,,27,15656,,,,21,154,,,,2,9973,,,,7,15874,,,,30,7189,,,,,,,,,,,,,,,,,,,,,,,,,,,,,,,,,,,,,,
HF2024_1006_22U3194,13-May-2024,05:54:21,1,1.000000,,,0,8,,,,,,,,,,,,,,,15,19,4922,,,,28,18176,,,,6,17323,,,,3,21414,,,,12,23672,,,,31,22769,,,,4,1238,,,,17,13337,,,,,,,,,,,,,,,,,,,,,,,,,,,,,,,,,,,,,,
HF2024_1006_22U3194,13-May-2024,11:13:32,1,1.000000,,,0,4,,,,,,,,,,,,,,,15,30,30275,,,,18,6112,,,,27,2774,,,,14,24395,,,,,,,,,,,,,,,,,,,,,,,,,,,,,,,,,,,,,,,,,,,,,,,,,,,,,,,,,,
HF2024_1006_22U3194,13-May-2024,14:31:13,1,1.000000,,,0,6,,,,,,,,,,,,,,,15,19,12983,,,,13,7948,,,,17,18877,,,,22,3903,,,,21,10018,,,,2,26493,,,,,,,,,,,,,,,,,,,,,,,,,,,,,,,,,,,,,,,,,,,,,,,,
HF2024_1006_22U3194,13-May-2024,16:59:27,4,1.000000,,,0,8,,,,,,,,,,,,,,,15,32,28648,,,,19,18590,,,,6,32736,,,,12,15280,,,,28,25616,,,,25,23057,,,,24,21580,,,,3,22209,,,,,,,,,,,,,,,,,,,,,,,,,,,,,,,,,,,,,,
HF2024_1006_22U3194,13-May-2024,18:55:48,2,1.000000,,,0,4,,,,,,,,,,,,,,,15,31,17914,,,,1,11898,,,,11,31113,,,,28,13973,,,,,,,,,,,,,,,,,,,,,,,,,,,,,,,,,,,,,,,,,,,,,,,,,,,,,,,,,,
HF2024_1006_22U3194,13-May-2024,20:47:29,6,1.000000,,,0,8,,,,,,,,,,,,,,,15,28,1412,,,,18,1943,,,,25,27720,,,,26,28806,,,,1,13672,,,,31,6141,,,,29,10694,,,,5,6327,,,,,,,,,,,,,,,,,,,,,,,,,,,,,,,,,,,,,,
HF2024_1006_22U3194,13-May-2024,22:33:24,3,1.000000,,,0,4,,,,,,,,,,,,,,,15,23,25675,,,,29,13775,,,,5,16624,,,,18,4370,,,,,,,,,,,,,,,,,,,,,,,,,,,,,,,,,,,,,,,,,,,,,,,,,,,,,,,,,,
HF2024_1006_22U3194,14-May-2024,01:00:01,1,1.000000,,,0,7,,,,,,,,,,,,,,,15,27,572,,,,10,23677,,,,23,28397,,,,32,18464,,,,16,16746,,,,8,24937,,,,15,14774,,,,,,,,,,,,,,,,,,,,,,,,,,,,,,,,,,,,,,,,,,,
HF2024_1006_22U3194,14-May-2024,02:49:24,3,1.000000,,,0,8,,,,,,,,,,,,,,,15,32,10872,,,,10,19979,,,,21,22150,,,,8,7846,,,,2,30864,,,,17,595,,,,3,16490,,,,22,903,,,,,,,,,,,,,,,,,,,,,,,,,,,,,,,,,,,,,,
HF2024_1006_22U3194,14-May-2024,05:00:01,4,1.000000,,,0,5,,,,,,,,,,,,,,,15,4,7605,,,,3,13342,,,,2,2804,,,,21,16557,,,,17,7954,,,,,,,,,,,,,,,,,,,,,,,,,,,,,,,,,,,,,,,,,,,,,,,,,,,,,
HF2024_1006_22U3194,14-May-2024,06:48:10,3,1.000000,,,0,4,,,,,,,,,,,,,,,15,9,20624,,,,6,20788,,,,19,22558,,,,11,17512,,,,,,,,,,,,,,,,,,,,,,,,,,,,,,,,,,,,,,,,,,,,,,,,,,,,,,,,,,
HF2024_1006_22U3194,14-May-2024,12:26:52,3,1.000000,,,0,4,,,,,,,,,,,,,,,15,15,32193,,,,18,24297,,,,8,2783,,,,13,17530,,,,,,,,,,,,,,,,,,,,,,,,,,,,,,,,,,,,,,,,,,,,,,,,,,,,,,,,,,
HF2024_1006_22U3194,14-May-2024,15:08:36,8,1.000000,,,0,6,,,,,,,,,,,,,,,15,12,1139,,,,32,30724,,,,23,31185,,,,15,26115,,,,10,10044,,,,24,16677,,,,,,,,,,,,,,,,,,,,,,,,,,,,,,,,,,,,,,,,,,,,,,,,
HF2024_1006_22U3194,14-May-2024,16:02:40,3,1.000000,,,0,5,,,,,,,,,,,,,,,15,12,25732,,,,24,25527,,,,32,13266,,,,28,22438,,,,10,22524,,,,,,,,,,,,,,,,,,,,,,,,,,,,,,,,,,,,,,,,,,,,,,,,,,,,,
HF2024_1006_22U3194,14-May-2024,18:06:44,8,1.000000,,,0,6,,,,,,,,,,,,,,,15,31,17668,,,,28,17927,,,,25,7042,,,,12,17869,,,,11,28170,,,,32,3147,,,,,,,,,,,,,,,,,,,,,,,,,,,,,,,,,,,,,,,,,,,,,,,,
HF2024_1006_22U3194,14-May-2024,19:03:08,2,1.000000,,,0,8,,,,,,,,,,,,,,,15,25,19604,,,,31,19367,,,,12,24229,,,,11,31941,,,,26,3842,,,,29,16091,,,,1,1212,,,,28,17979,,,,,,,,,,,,,,,,,,,,,,,,,,,,,,,,,,,,,,
HF2024_1006_22U3194,14-May-2024,21:10:32,11,1.000000,,,0,7,,,,,,,,,,,,,,,15,29,30430,,,,1,2022,,,,18,14686,,,,26,5651,,,,16,3440,,,,28,1457,,,,31,8442,,,,,,,,,,,,,,,,,,,,,,,,,,,,,,,,,,,,,,,,,,,
HF2024_1006_22U3194,14-May-2024,23:06:15,5,1.000000,,,0,8,,,,,,,,,,,,,,,15,27,7126,,,,1,10193,,,,26,30444,,,,10,31265,,,,23,7278,,,,16,13437,,,,8,1860,,,,18,13159,,,,,,,,,,,,,,,,,,,,,,,,,,,,,,,,,,,,,,
HF2024_1006_22U3194,15-May-2024,00:54:23,5,1.000000,,,0,7,,,,,,,,,,,,,,,15,10,23871,,,,27,4838,,,,23,3536,,,,32,12535,,,,21,1728,,,,8,24281,,,,15,24232,,,,,,,,,,,,,,,,,,,,,,,,,,,,,,,,,,,,,,,,,,,
HF2024_1006_22U3194,15-May-2024,02:37:36,2,1.000000,,,0,8,,,,,,,,,,,,,,,15,32,25943,,,,10,7318,,,,8,23725,,,,21,15361,,,,2,9892,,,,22,14983,,,,14,4972,,,,27,10463,,,,,,,,,,,,,,,,,,,,,,,,,,,,,,,,,,,,,,
HF2024_1006_22U3194,15-May-2024,05:00:02,3,1.000000,,,0,8,,,,,,,,,,,,,,,15,2,24947,,,,31,4561,,,,21,3623,,,,3,18551,,,,28,16710,,,,17,5009,,,,32,14440,,,,19,26337,,,,,,,,,,,,,,,,,,,,,,,,,,,,,,,,,,,,,,
HF2024_1006_22U3194,15-May-2024,05:34:07,3,1.000000,,,0,7,,,,,,,,,,,,,,,15,3,30135,,,,28,23827,,,,19,2406,,,,21,24408,,,,2,24818,,,,4,17631,,,,25,20636,,,,,,,,,,,,,,,,,,,,,,,,,,,,,,,,,,,,,,,,,,,
HF2024_1006_22U3194,15-May-2024,07:30:22,2,1.000000,,,0,4,,,,,,,,,,,,,,,15,9,9501,,,,4,18295,,,,3,23746,,,,26,14152,,,,,,,,,,,,,,,,,,,,,,,,,,,,,,,,,,,,,,,,,,,,,,,,,,,,,,,,,,
HF2024_1006_22U3194,15-May-2024,09:00:01,4,1.000000,,,0,8,,,,,,,,,,,,,,,15,20,26021,,,,11,4634,,,,5,3728,,,,29,2823,,,,7,10222,,,,9,18225,,,,6,17714,,,,30,3467,,,,,,,,,,,,,,,,,,,,,,,,,,,,,,,,,,,,,,
HF2024_1006_22U3194,15-May-2024,10:52:46,2,1.000000,,,0,7,,,,,,,,,,,,,,,15,13,22573,,,,5,13911,,,,15,28916,,,,20,2311,,,,18,31932,,,,30,5419,,,,7,20016,,,,,,,,,,,,,,,,,,,,,,,,,,,,,,,,,,,,,,,,,,,
HF2024_1006_22U3194,15-May-2024,12:38:57,2,1.000000,,,0,4,,,,,,,,,,,,,,,15,14,2203,,,,13,22532,,,,30,21425,,,,5,26165,,,,,,,,,,,,,,,,,,,,,,,,,,,,,,,,,,,,,,,,,,,,,,,,,,,,,,,,,,
HF2024_1006_22U3194,15-May-2024,14:10:29,3,1.000000,,,0,6,,,,,,,,,,,,,,,15,24,13976,,,,22,2299,,,,15,21051,,,,17,2400,,,,23,13190,,,,14,31735,,,,,,,,,,,,,,,,,,,,,,,,,,,,,,,,,,,,,,,,,,,,,,,,
HF2024_1006_22U3194,15-May-2024,16:07:36,3,1.000000,,,0,5,,,,,,,,,,,,,,,15,24,3724,,,,25,20318,,,,19,7736,,,,12,16756,,,,6,20710,,,,,,,,,,,,,,,,,,,,,,,,,,,,,,,,,,,,,,,,,,,,,,,,,,,,,
HF2024_1006_22U3194,15-May-2024,20:41:09,2,1.000000,,,0,8,,,,,,,,,,,,,,,15,16,6158,,,,26,24904,,,,1,8510,,,,4,13951,,,,31,24144,,,,9,503,,,,20,384,,,,18,1057,,,,,,,,,,,,,,,,,,,,,,,,,,,,,,,,,,,,,,
HF2024_1006_22U3194,15-May-2024,23:00:01,3,1.000000,,,0,5,,,,,,,,,,,,,,,15,8,28013,,,,27,5631,,,,16,19499,,,,7,29624,,,,26,7652,,,,,,,,,,,,,,,,,,,,,,,,,,,,,,,,,,,,,,,,,,,,,,,,,,,,,
HF2024_1006_22U3194,16-May-2024,05:12:13,4,1.000000,,,0,8,,,,,,,,,,,,,,,15,2,7381,,,,3,23885,,,,17,17324,,,,21,11437,,,,19,13534,,,,9,14753,,,,4,31310,,,,6,4283,,,,,,,,,,,,,,,,,,,,,,,,,,,,,,,,,,,,,,
HF2024_1006_22U3194,16-May-2024,07:12:23,2,1.000000,,,0,4,,,,,,,,,,,,,,,15,3,10906,,,,4,984,,,,26,13620,,,,9,7900,,,,,,,,,,,,,,,,,,,,,,,,,,,,,,,,,,,,,,,,,,,,,,,,,,,,,,,,,,
HF2024_1006_22U3194,16-May-2024,08:45:58,3,1.000000,,,0,6,,,,,,,,,,,,,,,15,9,21291,,,,7,32326,,,,20,13701,,,,29,21316,,,,6,8802,,,,30,5771,,,,,,,,,,,,,,,,,,,,,,,,,,,,,,,,,,,,,,,,,,,,,,,,
HF2024_1006_22U3194,16-May-2024,09:00:01,3,1.000000,,,0,8,,,,,,,,,,,,,,,15,11,22534,,,,30,16101,,,,20,29644,,,,9,5149,,,,7,15150,,,,6,26297,,,,5,15966,,,,29,27027,,,,,,,,,,,,,,,,,,,,,,,,,,,,,,,,,,,,,,
HF2024_1006_22U3194,16-May-2024,09:06:03,1,1.000000,,,0,6,,,,,,,,,,,,,,,15,7,29528,,,,30,10646,,,,5,10372,,,,16,18823,,,,20,11312,,,,11,9627,,,,,,,,,,,,,,,,,,,,,,,,,,,,,,,,,,,,,,,,,,,,,,,,
HF2024_1006_22U3194,16-May-2024,12:52:22,4,1.000000,,,0,7,,,,,,,,,,,,,,,15,22,15753,,,,13,20791,,,,14,31170,,,,5,4557,,,,15,19260,,,,30,21153,,,,17,15994,,,,,,,,,,,,,,,,,,,,,,,,,,,,,,,,,,,,,,,,,,,
HF2024_1006_22U3194,16-May-2024,13:01:49,1,1.000000,,,0,6,,,,,,,,,,,,,,,15,13,20206,,,,30,5956,,,,17,8245,,,,10,32420,,,,14,12998,,,,8,15395,,,,,,,,,,,,,,,,,,,,,,,,,,,,,,,,,,,,,,,,,,,,,,,,
HF2024_1006_22U3194,16-May-2024,22:23:41,5,1.000000,,,0,5,,,,,,,,,,,,,,,15,27,4009,,,,5,14216,,,,1,12288,,,,16,3372,,,,18,252,,,,,,,,,,,,,,,,,,,,,,,,,,,,,,,,,,,,,,,,,,,,,,,,,,,,,
HF2024_1006_22U3194,17-May-2024,02:56:40,3,1.000000,,,0,5,,,,,,,,,,,,,,,15,2,3218,,,,32,17257,,,,14,9498,,,,3,29936,,,,21,26384,,,,,,,,,,,,,,,,,,,,,,,,,,,,,,,,,,,,,,,,,,,,,,,,,,,,,
HF2024_1006_22U3194,17-May-2024,04:56:39,4,1.000000,,,0,6,,,,,,,,,,,,,,,15,19,1139,,,,17,247,,,,4,13834,,,,6,18400,,,,3,21688,,,,2,11121,,,,,,,,,,,,,,,,,,,,,,,,,,,,,,,,,,,,,,,,,,,,,,,,
HF2024_1006_22U3194,17-May-2024,08:34:38,5,1.000000,,,0,7,,,,,,,,,,,,,,,15,20,18518,,,,11,7736,,,,6,32258,,,,5,31393,,,,29,14856,,,,7,5285,,,,30,31532,,,,,,,,,,,,,,,,,,,,,,,,,,,,,,,,,,,,,,,,,,,
HF2024_1006_22U3194,17-May-2024,12:12:30,1,1.000000,,,0,4,,,,,,,,,,,,,,,15,5,13538,,,,22,22868,,,,13,16172,,,,15,23805,,,,,,,,,,,,,,,,,,,,,,,,,,,,,,,,,,,,,,,,,,,,,,,,,,,,,,,,,,
HF2024_1006_22U3194,17-May-2024,13:22:54,5,1.000000,,,0,5,,,,,,,,,,,,,,,15,13,12049,,,,22,17661,,,,15,15349,,,,24,31514,,,,23,26010,,,,,,,,,,,,,,,,,,,,,,,,,,,,,,,,,,,,,,,,,,,,,,,,,,,,,
HF2024_1006_22U3194,17-May-2024,15:47:38,1,1.000000,,,0,5,,,,,,,,,,,,,,,15,24,25002,,,,19,6532,,,,12,6957,,,,17,19188,,,,25,20362,,,,,,,,,,,,,,,,,,,,,,,,,,,,,,,,,,,,,,,,,,,,,,,,,,,,,
HF2024_1006_22U3194,17-May-2024,16:01:46,4,1.000000,,,0,5,,,,,,,,,,,,,,,15,32,8853,,,,25,28852,,,,12,21237,,,,24,30761,,,,28,15092,,,,,,,,,,,,,,,,,,,,,,,,,,,,,,,,,,,,,,,,,,,,,,,,,,,,,
HF2024_1006_22U3194,17-May-2024,17:01:04,5,1.000000,,,0,7,,,,,,,,,,,,,,,15,32,17756,,,,29,23038,,,,24,14480,,,,25,615,,,,12,16482,,,,28,6407,,,,11,3288,,,,,,,,,,,,,,,,,,,,,,,,,,,,,,,,,,,,,,,,,,,
HF2024_1006_22U3194,17-May-2024,19:00:17,1,1.000000,,,0,6,,,,,,,,,,,,,,,15,29,314,,,,28,8476,,,,26,9064,,,,1,3406,,,,31,3766,,,,25,26751,,,,,,,,,,,,,,,,,,,,,,,,,,,,,,,,,,,,,,,,,,,,,,,,
HF2024_1006_22U3194,17-May-2024,20:58:32,5,1.000000,,,0,8,,,,,,,,,,,,,,,15,1,20366,,,,31,21346,,,,4,49,,,,18,2058,,,,28,13352,,,,20,25389,,,,16,20730,,,,26,23237,,,,,,,,,,,,,,,,,,,,,,,,,,,,,,,,,,,,,,
HF2024_1006_22U3194,17-May-2024,22:45:30,5,1.000000,,,0,6,,,,,,,,,,,,,,,15,7,11998,,,,8,23813,,,,18,2122,,,,16,21816,,,,27,15980,,,,23,11603,,,,,,,,,,,,,,,,,,,,,,,,,,,,,,,,,,,,,,,,,,,,,,,,
HF2024_1006_22U3194,18-May-2024,00:45:35,4,1.000000,,,0,8,,,,,,,,,,,,,,,15,10,22753,,,,27,21630,,,,21,298,,,,2,13504,,,,8,16588,,,,16,28351,,,,14,29886,,,,23,28483,,,,,,,,,,,,,,,,,,,,,,,,,,,,,,,,,,,,,,
HF2024_1006_22U3194,18-May-2024,03:00:01,7,1.000000,,,0,8,,,,,,,,,,,,,,,15,3,806,,,,14,29523,,,,22,5792,,,,17,31535,,,,2,11980,,,,8,18249,,,,21,24248,,,,32,29313,,,,,,,,,,,,,,,,,,,,,,,,,,,,,,,,,,,,,,
HF2024_1006_22U3194,18-May-2024,04:42:10,5,1.000000,,,0,8,,,,,,,,,,,,,,,15,19,9262,,,,12,24305,,,,17,1444,,,,6,27772,,,,3,10846,,,,32,5925,,,,28,10600,,,,25,1947,,,,,,,,,,,,,,,,,,,,,,,,,,,,,,,,,,,,,,
HF2024_1006_22U3194,18-May-2024,07:00:01,4,1.000000,,,0,7,,,,,,,,,,,,,,,15,11,6166,,,,6,15140,,,,9,20296,,,,4,31740,,,,19,16448,,,,20,2051,,,,31,17402,,,,,,,,,,,,,,,,,,,,,,,,,,,,,,,,,,,,,,,,,,,
HF2024_1006_22U3194,18-May-2024,09:00:12,1,1.000000,,,0,6,,,,,,,,,,,,,,,15,7,2474,,,,30,19502,,,,11,1053,,,,9,22049,,,,20,13912,,,,6,20147,,,,,,,,,,,,,,,,,,,,,,,,,,,,,,,,,,,,,,,,,,,,,,,,
HF2024_1006_22U3194,18-May-2024,12:01:13,3,1.000000,,,0,8,,,,,,,,,,,,,,,15,5,3878,,,,15,2937,,,,24,3441,,,,22,32228,,,,18,2764,,,,30,10953,,,,14,16908,,,,27,25927,,,,,,,,,,,,,,,,,,,,,,,,,,,,,,,,,,,,,,
HF2024_1006_22U3194,18-May-2024,14:00:31,3,1.000000,,,0,5,,,,,,,,,,,,,,,15,22,32172,,,,23,1824,,,,13,15758,,,,10,28771,,,,19,5996,,,,,,,,,,,,,,,,,,,,,,,,,,,,,,,,,,,,,,,,,,,,,,,,,,,,,
HF2024_1006_22U3194,18-May-2024,17:01:06,3,1.000000,,,0,5,,,,,,,,,,,,,,,15,32,10700,,,,25,7950,,,,28,20614,,,,12,15220,,,,24,31628,,,,,,,,,,,,,,,,,,,,,,,,,,,,,,,,,,,,,,,,,,,,,,,,,,,,,
HF2024_1006_22U3194,18-May-2024,17:52:06,3,1.000000,,,0,6,,,,,,,,,,,,,,,15,29,22726,,,,32,19544,,,,25,6130,,,,31,19622,,,,12,18624,,,,28,16881,,,,,,,,,,,,,,,,,,,,,,,,,,,,,,,,,,,,,,,,,,,,,,,,
HF2024_1006_22U3194,18-May-2024,18:07:21,3,1.000000,,,0,6,,,,,,,,,,,,,,,15,29,28507,,,,32,9403,,,,12,16216,,,,1,4236,,,,28,23674,,,,25,3843,,,,,,,,,,,,,,,,,,,,,,,,,,,,,,,,,,,,,,,,,,,,,,,,
HF2024_1006_22U3194,18-May-2024,19:49:41,4,1.000000,,,0,8,,,,,,,,,,,,,,,15,18,4481,,,,29,7914,,,,25,4046,,,,1,22763,,,,31,2426,,,,20,28545,,,,28,2652,,,,5,3137,,,,,,,,,,,,,,,,,,,,,,,,,,,,,,,,,,,,,,
HF2024_1006_22U3194,18-May-2024,21:00:01,3,1.000000,,,0,7,,,,,,,,,,,,,,,15,1,1191,,,,29,25357,,,,18,3543,,,,28,5822,,,,31,17938,,,,26,7769,,,,5,3280,,,,,,,,,,,,,,,,,,,,,,,,,,,,,,,,,,,,,,,,,,,
HF2024_1006_22U3194,18-May-2024,22:57:29,7,1.000000,,,0,8,,,,,,,,,,,,,,,15,23,1173,,,,10,1105,,,,1,7607,,,,26,27728,,,,16,28032,,,,18,277,,,,15,25930,,,,27,17257,,,,,,,,,,,,,,,,,,,,,,,,,,,,,,,,,,,,,,
HF2024_1006_22U3194,19-May-2024,01:06:32,4,1.000000,,,0,8,,,,,,,,,,,,,,,15,21,31596,,,,27,3415,,,,2,5547,,,,8,3697,,,,32,672,,,,10,25219,,,,30,21352,,,,14,17171,,,,,,,,,,,,,,,,,,,,,,,,,,,,,,,,,,,,,,
HF2024_1006_22U3194,19-May-2024,03:00:15,1,1.000000,,,0,4,,,,,,,,,,,,,,,15,17,18337,,,,22,9221,,,,14,25348,,,,2,19429,,,,,,,,,,,,,,,,,,,,,,,,,,,,,,,,,,,,,,,,,,,,,,,,,,,,,,,,,,
HF2024_1006_22U3194,19-May-2024,07:00:01,2,1.000000,,,0,6,,,,,,,,,,,,,,,15,31,11132,,,,26,15600,,,,3,13278,,,,1,30537,,,,11,21910,,,,4,527,,,,,,,,,,,,,,,,,,,,,,,,,,,,,,,,,,,,,,,,,,,,,,,,
HF2024_1006_22U3194,19-May-2024,08:14:54,2,1.000000,,,0,4,,,,,,,,,,,,,,,15,11,29106,,,,6,23050,,,,29,22248,,,,7,16789,,,,,,,,,,,,,,,,,,,,,,,,,,,,,,,,,,,,,,,,,,,,,,,,,,,,,,,,,,
HF2024_1006_22U3194,19-May-2024,11:00:47,2,1.000000,,,0,8,,,,,,,,,,,,,,,15,15,30917,,,,13,13882,,,,30,1899,,,,5,19862,,,,27,18118,,,,20,16865,,,,7,28344,,,,8,10853,,,,,,,,,,,,,,,,,,,,,,,,,,,,,,,,,,,,,,
HF2024_1006_22U3194,19-May-2024,12:42:34,3,1.000000,,,0,6,,,,,,,,,,,,,,,15,23,16596,,,,22,16924,,,,14,28850,,,,13,12260,,,,30,11988,,,,15,12103,,,,,,,,,,,,,,,,,,,,,,,,,,,,,,,,,,,,,,,,,,,,,,,,
HF2024_1006_22U3194,19-May-2024,14:40:55,4,1.000000,,,0,8,,,,,,,,,,,,,,,15,12,24223,,,,32,26302,,,,24,14803,,,,10,6119,,,,23,10978,,,,17,29799,,,,25,29968,,,,22,30713,,,,,,,,,,,,,,,,,,,,,,,,,,,,,,,,,,,,,,
HF2024_1006_22U3194,19-May-2024,16:18:56,1,1.000000,,,0,7,,,,,,,,,,,,,,,15,12,10596,,,,24,28164,,,,19,13189,,,,11,25882,,,,6,7772,,,,25,7201,,,,32,20624,,,,,,,,,,,,,,,,,,,,,,,,,,,,,,,,,,,,,,,,,,,
HF2024_1006_22U3194,19-May-2024,17:56:44,1,1.000000,,,0,4,,,,,,,,,,,,,,,15,12,5474,,,,25,12396,,,,11,898,,,,29,7124,,,,,,,,,,,,,,,,,,,,,,,,,,,,,,,,,,,,,,,,,,,,,,,,,,,,,,,,,,
HF2024_1006_22U3194,19-May-2024,19:54:31,1,1.000000,,,0,8,,,,,,,,,,,,,,,15,20,19825,,,,29,15009,,,,1,23829,,,,11,17981,,,,31,7824,,,,26,19977,,,,9,14336,,,,28,22069,,,,,,,,,,,,,,,,,,,,,,,,,,,,,,,,,,,,,,
HF2024_1006_22U3194,19-May-2024,21:00:01,1,1.000000,,,0,4,,,,,,,,,,,,,,,15,29,22785,,,,1,8935,,,,16,14117,,,,26,18602,,,,,,,,,,,,,,,,,,,,,,,,,,,,,,,,,,,,,,,,,,,,,,,,,,,,,,,,,,
HF2024_1006_22U3194,20-May-2024,01:00:31,4,1.000000,,,0,8,,,,,,,,,,,,,,,15,32,880,,,,27,18979,,,,8,13639,,,,10,553,,,,23,2346,,,,21,2323,,,,2,6680,,,,16,22495,,,,,,,,,,,,,,,,,,,,,,,,,,,,,,,,,,,,,,
HF2024_1006_22U3194,20-May-2024,08:44:56,2,1.000000,,,0,5,,,,,,,,,,,,,,,15,20,30942,,,,5,20365,,,,9,8425,,,,16,22594,,,,26,24706,,,,,,,,,,,,,,,,,,,,,,,,,,,,,,,,,,,,,,,,,,,,,,,,,,,,,
HF2024_1006_22U3194,20-May-2024,10:42:53,3,1.000000,,,0,7,,,,,,,,,,,,,,,15,27,30672,,,,30,21600,,,,18,22292,,,,20,16387,,,,5,18868,,,,7,12049,,,,15,19234,,,,,,,,,,,,,,,,,,,,,,,,,,,,,,,,,,,,,,,,,,,
HF2024_1006_22U3194,20-May-2024,12:00:37,2,1.000000,,,0,7,,,,,,,,,,,,,,,15,15,17218,,,,23,13510,,,,7,9162,,,,30,19412,,,,13,10934,,,,8,3003,,,,14,26904,,,,,,,,,,,,,,,,,,,,,,,,,,,,,,,,,,,,,,,,,,,
HF2024_1006_22U3194,20-May-2024,13:52:00,1,1.000000,,,0,5,,,,,,,,,,,,,,,15,23,28088,,,,10,18360,,,,15,5009,,,,24,4725,,,,22,23208,,,,,,,,,,,,,,,,,,,,,,,,,,,,,,,,,,,,,,,,,,,,,,,,,,,,,
HF2024_1006_22U3194,20-May-2024,14:40:38,2,1.000000,,,0,7,,,,,,,,,,,,,,,15,10,14384,,,,32,19799,,,,24,24311,,,,2,30526,,,,21,22958,,,,23,10641,,,,14,31690,,,,,,,,,,,,,,,,,,,,,,,,,,,,,,,,,,,,,,,,,,,
HF2024_1006_22U3194,20-May-2024,16:48:29,4,1.000000,,,0,7,,,,,,,,,,,,,,,15,25,11068,,,,12,27136,,,,32,27701,,,,19,16058,,,,6,23166,,,,24,30249,,,,29,3942,,,,,,,,,,,,,,,,,,,,,,,,,,,,,,,,,,,,,,,,,,,
HF2024_1006_22U3194,20-May-2024,18:35:07,2,1.000000,,,0,6,,,,,,,,,,,,,,,15,28,6634,,,,4,24296,,,,1,2104,,,,32,24848,,,,11,31334,,,,29,32463,,,,,,,,,,,,,,,,,,,,,,,,,,,,,,,,,,,,,,,,,,,,,,,,
HF2024_1006_22U3194,20-May-2024,22:30:45,7,1.000000,,,0,8,,,,,,,,,,,,,,,15,7,3716,,,,27,10944,,,,18,6141,,,,8,13826,,,,5,4816,,,,16,28537,,,,30,15128,,,,13,25467,,,,,,,,,,,,,,,,,,,,,,,,,,,,,,,,,,,,,,
HF2024_1006_22U3194,21-May-2024,00:17:40,6,1.000000,,,0,8,,,,,,,,,,,,,,,15,10,12925,,,,14,31590,,,,8,16335,,,,30,11160,,,,15,20532,,,,27,5569,,,,7,30262,,,,2,23549,,,,,,,,,,,,,,,,,,,,,,,,,,,,,,,,,,,,,,
HF2024_1006_22U3194,21-May-2024,01:00:02,5,1.000000,,,0,8,,,,,,,,,,,,,,,15,14,23282,,,,2,18098,,,,10,25751,,,,8,7631,,,,23,15248,,,,21,8757,,,,27,2902,,,,22,217,,,,,,,,,,,,,,,,,,,,,,,,,,,,,,,,,,,,,,
HF2024_1006_22U3194,21-May-2024,02:45:00,3,1.000000,,,0,6,,,,,,,,,,,,,,,15,17,25234,,,,2,18258,,,,3,31479,,,,14,9608,,,,22,10888,,,,8,8619,,,,,,,,,,,,,,,,,,,,,,,,,,,,,,,,,,,,,,,,,,,,,,,,
HF2024_1006_22U3194,21-May-2024,03:37:24,2,1.000000,,,0,4,,,,,,,,,,,,,,,15,19,17597,,,,22,28793,,,,3,19582,,,,17,18332,,,,,,,,,,,,,,,,,,,,,,,,,,,,,,,,,,,,,,,,,,,,,,,,,,,,,,,,,,
HF2024_1006_22U3194,21-May-2024,04:32:23,5,1.000000,,,0,7,,,,,,,,,,,,,,,15,19,4478,,,,17,26366,,,,3,5914,,,,6,29894,,,,32,14810,,,,2,28363,,,,21,9528,,,,,,,,,,,,,,,,,,,,,,,,,,,,,,,,,,,,,,,,,,,
HF2024_1006_22U3194,21-May-2024,05:00:07,3,1.000000,,,0,6,,,,,,,,,,,,,,,15,12,25368,,,,17,29742,,,,28,2915,,,,19,9513,,,,31,20152,,,,25,11595,,,,,,,,,,,,,,,,,,,,,,,,,,,,,,,,,,,,,,,,,,,,,,,,
HF2024_1006_22U3194,21-May-2024,06:45:26,3,1.000000,,,0,5,,,,,,,,,,,,,,,15,11,14357,,,,6,3312,,,,9,4200,,,,26,7035,,,,1,20898,,,,,,,,,,,,,,,,,,,,,,,,,,,,,,,,,,,,,,,,,,,,,,,,,,,,,
HF2024_1006_22U3194,21-May-2024,08:45:52,2,1.000000,,,0,8,,,,,,,,,,,,,,,15,29,12980,,,,5,5405,,,,20,5984,,,,11,7927,,,,30,15108,,,,9,23449,,,,7,31534,,,,6,867,,,,,,,,,,,,,,,,,,,,,,,,,,,,,,,,,,,,,,
HF2024_1006_22U3194,21-May-2024,10:33:01,2,1.000000,,,0,8,,,,,,,,,,,,,,,15,13,13850,,,,5,23440,,,,18,11813,,,,20,4707,,,,7,21474,,,,27,20907,,,,15,26194,,,,8,4637,,,,,,,,,,,,,,,,,,,,,,,,,,,,,,,,,,,,,,
HF2024_1006_22U3194,21-May-2024,15:01:21,2,1.000000,,,0,4,,,,,,,,,,,,,,,15,19,18428,,,,17,7670,,,,22,862,,,,32,23846,,,,,,,,,,,,,,,,,,,,,,,,,,,,,,,,,,,,,,,,,,,,,,,,,,,,,,,,,,
HF2024_1006_22U3194,21-May-2024,17:21:09,2,1.000000,,,0,7,,,,,,,,,,,,,,,15,28,31592,,,,31,30080,,,,12,25616,,,,25,6256,,,,32,15246,,,,3,32257,,,,6,19068,,,,,,,,,,,,,,,,,,,,,,,,,,,,,,,,,,,,,,,,,,,
HF2024_1006_22U3194,21-May-2024,18:12:26,2,1.000000,,,0,4,,,,,,,,,,,,,,,15,28,25940,,,,29,8931,,,,31,32583,,,,1,7052,,,,,,,,,,,,,,,,,,,,,,,,,,,,,,,,,,,,,,,,,,,,,,,,,,,,,,,,,,
HF2024_1006_22U3194,22-May-2024,02:47:14,2,1.000000,,,0,5,,,,,,,,,,,,,,,15,2,25953,,,,21,31779,,,,14,5495,,,,32,31055,,,,3,5886,,,,,,,,,,,,,,,,,,,,,,,,,,,,,,,,,,,,,,,,,,,,,,,,,,,,,
HF2024_1006_22U3194,22-May-2024,05:33:37,3,1.000000,,,0,7,,,,,,,,,,,,,,,15,6,16712,,,,3,12428,,,,12,16007,,,,25,22549,,,,4,28036,,,,11,5353,,,,28,8900,,,,,,,,,,,,,,,,,,,,,,,,,,,,,,,,,,,,,,,,,,,
HF2024_1006_22U3194,22-May-2024,10:59:56,1,1.000000,,,0,4,,,,,,,,,,,,,,,15,18,29650,,,,5,21799,,,,15,29946,,,,13,20536,,,,,,,,,,,,,,,,,,,,,,,,,,,,,,,,,,,,,,,,,,,,,,,,,,,,,,,,,,
HF2024_1006_22U3194,23-May-2024,09:15:18,1,1.000000,,,0,4,,,,,,,,,,,,,,,15,5,4802,,,,7,1056,,,,16,17771,,,,20,16684,,,,,,,,,,,,,,,,,,,,,,,,,,,,,,,,,,,,,,,,,,,,,,,,,,,,,,,,,,
HF2024_1006_22U3194,23-May-2024,12:02:16,3,1.000000,,,0,5,,,,,,,,,,,,,,,15,15,28555,,,,23,4664,,,,8,5154,,,,30,9978,,,,7,15338,,,,,,,,,,,,,,,,,,,,,,,,,,,,,,,,,,,,,,,,,,,,,,,,,,,,,
HF2024_1006_22U3194,23-May-2024,17:01:58,3,1.000000,,,0,5,,,,,,,,,,,,,,,15,12,20209,,,,25,12730,,,,11,25152,,,,29,18304,,,,28,8478,,,,,,,,,,,,,,,,,,,,,,,,,,,,,,,,,,,,,,,,,,,,,,,,,,,,,
HF2024_1006_22U3194,23-May-2024,20:45:27,2,1.000000,,,0,4,,,,,,,,,,,,,,,15,29,15866,,,,5,7951,,,,26,9753,,,,9,1668,,,,,,,,,,,,,,,,,,,,,,,,,,,,,,,,,,,,,,,,,,,,,,,,,,,,,,,,,,
HF2024_1006_22U3194,23-May-2024,22:42:51,7,1.000000,,,0,4,,,,,,,,,,,,,,,15,27,28655,,,,30,9092,,,,13,14816,,,,7,29638,,,,,,,,,,,,,,,,,,,,,,,,,,,,,,,,,,,,,,,,,,,,,,,,,,,,,,,,,,
HF2024_1006_22U3194,23-May-2024,23:20:16,3,1.000000,,,0,5,,,,,,,,,,,,,,,15,8,3245,,,,27,1267,,,,13,14998,,,,23,15701,,,,21,20822,,,,,,,,,,,,,,,,,,,,,,,,,,,,,,,,,,,,,,,,,,,,,,,,,,,,,
HF2024_1006_22U3194,24-May-2024,02:04:05,2,1.000000,,,0,5,,,,,,,,,,,,,,,15,22,6480,,,,17,24300,,,,14,1023,,,,2,15086,,,,32,20002,,,,,,,,,,,,,,,,,,,,,,,,,,,,,,,,,,,,,,,,,,,,,,,,,,,,,
HF2024_1006_22U3194,24-May-2024,04:55:06,5,1.000000,,,0,6,,,,,,,,,,,,,,,15,17,5608,,,,3,15851,,,,12,17326,,,,6,1985,,,,31,28714,,,,28,17741,,,,,,,,,,,,,,,,,,,,,,,,,,,,,,,,,,,,,,,,,,,,,,,,
HF2024_1006_22U3194,24-May-2024,06:49:21,1,1.000000,,,0,7,,,,,,,,,,,,,,,15,11,24788,,,,4,16049,,,,9,8838,,,,6,32482,,,,20,15076,,,,19,31753,,,,7,2026,,,,,,,,,,,,,,,,,,,,,,,,,,,,,,,,,,,,,,,,,,,
HF2024_1006_22U3194,24-May-2024,08:43:32,2,1.000000,,,0,5,,,,,,,,,,,,,,,15,30,24376,,,,7,3296,,,,9,2426,,,,13,26994,,,,6,27458,,,,,,,,,,,,,,,,,,,,,,,,,,,,,,,,,,,,,,,,,,,,,,,,,,,,,
HF2024_1006_22U3194,24-May-2024,17:01:26,1,1.000000,,,0,4,,,,,,,,,,,,,,,15,11,12657,,,,12,24734,,,,24,13712,,,,29,23260,,,,,,,,,,,,,,,,,,,,,,,,,,,,,,,,,,,,,,,,,,,,,,,,,,,,,,,,,,
HF2024_1006_22U3194,26-May-2024,13:01:12,1,1.000000,,,0,4,,,,,,,,,,,,,,,15,14,23080,,,,17,7737,,,,24,17386,,,,22,4964,,,,,,,,,,,,,,,,,,,,,,,,,,,,,,,,,,,,,,,,,,,,,,,,,,,,,,,,,,
HF2024_1006_22U3194,26-May-2024,21:30:07,1,1.000000,,,0,4,,,,,,,,,,,,,,,15,1,12079,,,,26,4033,,,,7,16633,,,,5,31390,,,,,,,,,,,,,,,,,,,,,,,,,,,,,,,,,,,,,,,,,,,,,,,,,,,,,,,,,,
HF2024_1006_22U3194,27-May-2024,00:30:44,4,1.000000,,,0,7,,,,,,,,,,,,,,,15,8,2882,,,,21,371,,,,32,21972,,,,27,3674,,,,14,14194,,,,23,3317,,,,22,9250,,,,,,,,,,,,,,,,,,,,,,,,,,,,,,,,,,,,,,,,,,,
HF2024_1006_22U3194,27-May-2024,03:00:58,1,1.000000,,,0,8,,,,,,,,,,,,,,,15,32,4341,,,,21,7188,,,,2,27317,,,,17,11324,,,,19,4248,,,,22,17545,,,,3,14928,,,,14,28497,,,,,,,,,,,,,,,,,,,,,,,,,,,,,,,,,,,,,,
HF2024_1006_22U3194,27-May-2024,10:39:07,2,,,,0,5,,,,,,,,,,,,,,,15,5,25084,,,,13,14448,,,,30,2224,,,,22,28961,,,,7,13464,,,,,,,,,,,,,,,,,,,,,,,,,,,,,,,,,,,,,,,,,,,,,,,,,,,,,
HF2024_1006_22U3194,27-May-2024,11:53:28,2,,,,0,7,,,,,,,,,,,,,,,15,15,14258,,,,23,75,,,,30,24591,,,,5,32358,,,,14,3082,,,,22,15277,,,,8,226,,,,,,,,,,,,,,,,,,,,,,,,,,,,,,,,,,,,,,,,,,,
HF2024_1006_22U3194,27-May-2024,13:56:48,2,,,,0,7,,,,,,,,,,,,,,,15,17,15367,,,,22,17636,,,,10,17982,,,,2,12016,,,,14,30506,,,,23,17429,,,,32,4818,,,,,,,,,,,,,,,,,,,,,,,,,,,,,,,,,,,,,,,,,,,
HF2024_1006_22U3194,27-May-2024,15:01:55,1,,,,0,5,,,,,,,,,,,,,,,15,10,5592,,,,32,29068,,,,25,12980,,,,12,23783,,,,2,30982,,,,,,,,,,,,,,,,,,,,,,,,,,,,,,,,,,,,,,,,,,,,,,,,,,,,,
HF2024_1006_22U3194,27-May-2024,16:43:08,3,,,,0,6,,,,,,,,,,,,,,,15,31,19064,,,,28,11173,,,,32,23131,,,,3,24450,,,,12,11748,,,,29,23869,,,,,,,,,,,,,,,,,,,,,,,,,,,,,,,,,,,,,,,,,,,,,,,,
HF2024_1006_22U3194,27-May-2024,18:40:35,2,,,,0,7,,,,,,,,,,,,,,,15,4,1617,,,,29,24830,,,,11,1082,,,,31,12136,,,,28,4248,,,,26,16855,,,,1,1126,,,,,,,,,,,,,,,,,,,,,,,,,,,,,,,,,,,,,,,,,,,
HF2024_1006_22U3194,28-May-2024,06:59:04,1,,,,0,5,,,,,,,,,,,,,,,15,20,29477,,,,11,11125,,,,6,23188,,,,26,30006,,,,1,11926,,,,,,,,,,,,,,,,,,,,,,,,,,,,,,,,,,,,,,,,,,,,,,,,,,,,,
HF2024_1006_22U3194,28-May-2024,18:05:19,1,,,,0,5,,,,,,,,,,,,,,,15,1,10980,,,,31,17223,,,,28,28539,,,,26,20019,,,,25,29400,,,,,,,,,,,,,,,,,,,,,,,,,,,,,,,,,,,,,,,,,,,,,,,,,,,,,
HF2024_1006_22U3194,29-May-2024,07:31:52,1,,,,0,4,,,,,,,,,,,,,,,15,9,24436,,,,29,12085,,,,7,10022,,,,1,23876,,,,,,,,,,,,,,,,,,,,,,,,,,,,,,,,,,,,,,,,,,,,,,,,,,,,,,,,,,
HF2024_1006_22U3194,29-May-2024,08:07:32,2,,,,0,4,,,,,,,,,,,,,,,15,5,14083,,,,29,30779,,,,16,2023,,,,20,22503,,,,,,,,,,,,,,,,,,,,,,,,,,,,,,,,,,,,,,,,,,,,,,,,,,,,,,,,,,
HF2024_1006_22U3194,29-May-2024,20:03:58,3,,,,0,8,,,,,,,,,,,,,,,15,26,7655,,,,31,28621,,,,16,15930,,,,1,3668,,,,5,8692,,,,4,6255,,,,9,30414,,,,20,4083,,,,,,,,,,,,,,,,,,,,,,,,,,,,,,,,,,,,,,
HF2024_1006_22U3194,29-May-2024,21:41:40,1,,,,0,4,,,,,,,,,,,,,,,15,27,10718,,,,7,8372,,,,16,3125,,,,8,7414,,,,,,,,,,,,,,,,,,,,,,,,,,,,,,,,,,,,,,,,,,,,,,,,,,,,,,,,,,
HF2024_1006_22U3194,30-May-2024,01:04:57,2,,,,0,6,,,,,,,,,,,,,,,15,32,16344,,,,2,29580,,,,8,4215,,,,3,7140,,,,21,11836,,,,10,7989,,,,,,,,,,,,,,,,,,,,,,,,,,,,,,,,,,,,,,,,,,,,,,,,
HF2024_1006_22U3194,30-May-2024,12:06:42,4,,,,0,6,,,,,,,,,,,,,,,15,24,25342,,,,23,5702,,,,15,28859,,,,22,2533,,,,13,17254,,,,14,7767,,,,,,,,,,,,,,,,,,,,,,,,,,,,,,,,,,,,,,,,,,,,,,,,
HF2024_1006_22U3194,30-May-2024,17:07:22,1,,,,0,8,,,,,,,,,,,,,,,15,31,1405,,,,25,14700,,,,32,22830,,,,6,18624,,,,29,6722,,,,28,32213,,,,12,18746,,,,1,7041,,,,,,,,,,,,,,,,,,,,,,,,,,,,,,,,,,,,,,
HF2024_1006_22U3194,30-May-2024,19:08:06,3,,,,0,8,,,,,,,,,,,,,,,15,1,27017,,,,28,29887,,,,31,4170,,,,29,10245,,,,26,29460,,,,18,8533,,,,5,6992,,,,25,20281,,,,,,,,,,,,,,,,,,,,,,,,,,,,,,,,,,,,,,
HF2024_1006_22U3194,30-May-2024,21:00:49,1,,,,0,4,,,,,,,,,,,,,,,15,16,4702,,,,27,12163,,,,5,6957,,,,7,32548,,,,,,,,,,,,,,,,,,,,,,,,,,,,,,,,,,,,,,,,,,,,,,,,,,,,,,,,,,
HF2024_1006_22U3194,30-May-2024,22:53:55,4,,,,0,8,,,,,,,,,,,,,,,15,8,8819,,,,21,22080,,,,7,17110,,,,16,28953,,,,10,20192,,,,30,17487,,,,13,27336,,,,27,14919,,,,,,,,,,,,,,,,,,,,,,,,,,,,,,,,,,,,,,
HF2024_1006_22U3194,30-May-2024,23:10:58,1,,,,0,4,,,,,,,,,,,,,,,15,8,20776,,,,10,8103,,,,21,2618,,,,16,4494,,,,,,,,,,,,,,,,,,,,,,,,,,,,,,,,,,,,,,,,,,,,,,,,,,,,,,,,,,
HF2024_1006_22U3194,31-May-2024,08:49:54,3,,,,0,5,,,,,,,,,,,,,,,15,13,2222,,,,5,5368,,,,30,21462,,,,20,32014,,,,11,5000,,,,,,,,,,,,,,,,,,,,,,,,,,,,,,,,,,,,,,,,,,,,,,,,,,,,,
HF2024_1006_22U3194,31-May-2024,13:54:13,1,,,,0,8,,,,,,,,,,,,,,,15,24,18190,,,,10,27467,,,,32,2864,,,,19,14618,,,,22,20214,,,,17,29463,,,,14,20102,,,,12,25731,,,,,,,,,,,,,,,,,,,,,,,,,,,,,,,,,,,,,,
HF2024_1006_22U3194,31-May-2024,14:00:07,2,,,,0,6,,,,,,,,,,,,,,,15,10,26532,,,,32,29242,,,,23,13262,,,,24,16187,,,,12,18582,,,,15,19905,,,,,,,,,,,,,,,,,,,,,,,,,,,,,,,,,,,,,,,,,,,,,,,,
HF2024_1006_22U3194,31-May-2024,22:34:46,3,,,,0,7,,,,,,,,,,,,,,,15,8,25013,,,,27,10252,,,,7,11324,,,,16,7360,,,,10,29188,,,,21,12529,,,,23,18376,,,,,,,,,,,,,,,,,,,,,,,,,,,,,,,,,,,,,,,,,,,
HF2024_1006_22U3194,01-Jun-2024,02:04:27,4,,,,0,8,,,,,,,,,,,,,,,15,21,5670,,,,2,7162,,,,3,23146,,,,14,26724,,,,22,9892,,,,17,27955,,,,8,3714,,,,32,25265,,,,,,,,,,,,,,,,,,,,,,,,,,,,,,,,,,,,,,
HF2024_1006_22U3194,01-Jun-2024,03:01:25,5,,,,0,8,,,,,,,,,,,,,,,15,19,5035,,,,22,2752,,,,17,2755,,,,3,25496,,,,14,23374,,,,32,5387,,,,2,7642,,,,21,24417,,,,,,,,,,,,,,,,,,,,,,,,,,,,,,,,,,,,,,
HF2024_1006_22U3194,01-Jun-2024,05:54:22,2,,,,0,6,,,,,,,,,,,,,,,15,11,6839,,,,9,25209,,,,6,490,,,,19,19276,,,,20,10450,,,,4,9345,,,,,,,,,,,,,,,,,,,,,,,,,,,,,,,,,,,,,,,,,,,,,,,,
HF2024_1006_22U3194,01-Jun-2024,07:02:21,3,,,,0,7,,,,,,,,,,,,,,,15,20,6267,,,,9,3826,,,,11,1307,,,,6,13958,,,,29,1584,,,,5,23733,,,,1,22026,,,,,,,,,,,,,,,,,,,,,,,,,,,,,,,,,,,,,,,,,,,
HF2024_1006_22U3194,01-Jun-2024,14:33:11,3,,,,0,5,,,,,,,,,,,,,,,15,32,4167,,,,25,29796,,,,10,7812,,,,12,17459,,,,4,19736,,,,,,,,,,,,,,,,,,,,,,,,,,,,,,,,,,,,,,,,,,,,,,,,,,,,,
HF2024_1006_22U3194,01-Jun-2024,16:24:37,3,,,,0,6,,,,,,,,,,,,,,,15,32,3392,,,,12,612,,,,28,19750,,,,25,17504,,,,6,31680,,,,11,20711,,,,,,,,,,,,,,,,,,,,,,,,,,,,,,,,,,,,,,,,,,,,,,,,
HF2024_1006_22U3194,01-Jun-2024,18:02:23,1,,,,0,5,,,,,,,,,,,,,,,15,31,19578,,,,1,7373,,,,29,14453,,,,26,20249,,,,28,1918,,,,,,,,,,,,,,,,,,,,,,,,,,,,,,,,,,,,,,,,,,,,,,,,,,,,,
HF2024_1006_22U3194,01-Jun-2024,20:14:34,5,,,,0,6,,,,,,,,,,,,,,,15,27,11738,,,,1,8367,,,,26,29478,,,,16,13169,,,,31,15090,,,,9,30789,,,,,,,,,,,,,,,,,,,,,,,,,,,,,,,,,,,,,,,,,,,,,,,,
HF2024_1006_22U3194,01-Jun-2024,21:00:29,2,,,,0,4,,,,,,,,,,,,,,,15,27,7443,,,,7,20414,,,,8,25758,,,,1,9295,,,,,,,,,,,,,,,,,,,,,,,,,,,,,,,,,,,,,,,,,,,,,,,,,,,,,,,,,,
HF2024_1006_22U3194,01-Jun-2024,22:56:46,1,,,,0,8,,,,,,,,,,,,,,,15,7,3821,,,,21,6355,,,,27,8578,,,,8,146,,,,16,28608,,,,10,23831,,,,23,1004,,,,30,21889,,,,,,,,,,,,,,,,,,,,,,,,,,,,,,,,,,,,,,
HF2024_1006_22U3194,02-Jun-2024,00:54:42,3,,,,0,7,,,,,,,,,,,,,,,15,22,17146,,,,14,15512,,,,32,18680,,,,10,26141,,,,2,31562,,,,17,4165,,,,3,26618,,,,,,,,,,,,,,,,,,,,,,,,,,,,,,,,,,,,,,,,,,,
HF2024_1006_22U3194,02-Jun-2024,02:51:11,4,,,,0,8,,,,,,,,,,,,,,,15,22,16936,,,,3,17281,,,,14,15888,,,,19,10711,,,,2,23492,,,,17,25575,,,,21,15724,,,,32,22743,,,,,,,,,,,,,,,,,,,,,,,,,,,,,,,,,,,,,,
HF2024_1006_22U3194,02-Jun-2024,04:49:45,1,,,,0,4,,,,,,,,,,,,,,,15,17,21027,,,,19,21114,,,,6,14808,,,,9,14867,,,,,,,,,,,,,,,,,,,,,,,,,,,,,,,,,,,,,,,,,,,,,,,,,,,,,,,,,,
HF2024_1006_22U3194,02-Jun-2024,07:43:46,3,,,,0,5,,,,,,,,,,,,,,,15,5,22357,,,,11,8970,,,,29,787,,,,7,9341,,,,20,12152,,,,,,,,,,,,,,,,,,,,,,,,,,,,,,,,,,,,,,,,,,,,,,,,,,,,,
HF2024_1006_22U3194,02-Jun-2024,14:43:12,1,,,,0,4,,,,,,,,,,,,,,,15,32,16596,,,,12,25382,,,,24,9169,,,,17,21784,,,,,,,,,,,,,,,,,,,,,,,,,,,,,,,,,,,,,,,,,,,,,,,,,,,,,,,,,,
HF2024_1006_22U3194,02-Jun-2024,16:45:10,2,,,,0,6,,,,,,,,,,,,,,,15,31,6931,,,,32,17928,,,,1,14032,,,,12,10570,,,,25,18552,,,,28,29657,,,,,,,,,,,,,,,,,,,,,,,,,,,,,,,,,,,,,,,,,,,,,,,,
HF2024_1006_22U3194,02-Jun-2024,21:00:57,1,,,,0,7,,,,,,,,,,,,,,,15,27,3324,,,,1,14196,,,,7,13806,,,,26,5309,,,,29,20294,,,,18,32093,,,,16,32064,,,,,,,,,,,,,,,,,,,,,,,,,,,,,,,,,,,,,,,,,,,
HF2024_1006_22U3194,02-Jun-2024,22:02:51,3,,,,0,7,,,,,,,,,,,,,,,15,7,15614,,,,8,5021,,,,27,25358,,,,21,28981,,,,10,10012,,,,16,6257,,,,1,9420,,,,,,,,,,,,,,,,,,,,,,,,,,,,,,,,,,,,,,,,,,,
HF2024_1006_22U3194,03-Jun-2024,00:01:05,1,,,,0,8,,,,,,,,,,,,,,,15,2,18967,,,,21,5793,,,,10,6779,,,,8,7399,,,,23,10616,,,,30,24377,,,,27,12540,,,,14,24731,,,,,,,,,,,,,,,,,,,,,,,,,,,,,,,,,,,,,,
HF2024_1006_22U3194,03-Jun-2024,01:00:33,6,,,,0,8,,,,,,,,,,,,,,,15,2,4876,,,,21,1082,,,,14,14452,,,,10,19207,,,,32,32718,,,,8,1213,,,,27,9904,,,,22,29001,,,,,,,,,,,,,,,,,,,,,,,,,,,,,,,,,,,,,,
HF2024_1006_22U3194,03-Jun-2024,02:51:40,2,,,,0,8,,,,,,,,,,,,,,,15,22,1502,,,,19,21218,,,,17,27604,,,,2,15637,,,,3,24652,,,,14,28769,,,,21,3690,,,,32,4987,,,,,,,,,,,,,,,,,,,,,,,,,,,,,,,,,,,,,,
HF2024_1006_22U3194,03-Jun-2024,04:55:50,1,,,,0,7,,,,,,,,,,,,,,,15,19,19849,,,,6,24030,,,,17,7290,,,,25,2507,,,,9,11974,,,,11,20835,,,,3,30634,,,,,,,,,,,,,,,,,,,,,,,,,,,,,,,,,,,,,,,,,,,
HF2024_1006_22U3194,04-Jun-2024,08:48:29,1,,,,0,8,,,,,,,,,,,,,,,15,5,24918,,,,7,25546,,,,9,17818,,,,18,8024,,,,11,11940,,,,20,21939,,,,30,16460,,,,13,18803,,,,,,,,,,,,,,,,,,,,,,,,,,,,,,,,,,,,,,
HF2024_1006_22U3194,04-Jun-2024,15:49:15,7,,,,0,5,,,,,,,,,,,,,,,15,12,23496,,,,29,6324,,,,32,14350,,,,25,15053,,,,28,9430,,,,,,,,,,,,,,,,,,,,,,,,,,,,,,,,,,,,,,,,,,,,,,,,,,,,,
HF2024_1006_22U3194,04-Jun-2024,19:02:18,8,,,,0,8,,,,,,,,,,,,,,,15,1,8058,,,,26,18684,,,,20,25337,,,,29,6073,,,,4,786,,,,9,26725,,,,31,18882,,,,16,10913,,,,,,,,,,,,,,,,,,,,,,,,,,,,,,,,,,,,,,
HF2024_1006_22U3194,04-Jun-2024,20:51:22,3,,,,0,7,,,,,,,,,,,,,,,15,7,12965,,,,27,10375,,,,26,22711,,,,18,8410,,,,5,21920,,,,1,239,,,,8,434,,,,,,,,,,,,,,,,,,,,,,,,,,,,,,,,,,,,,,,,,,,
HF2024_1006_22U3194,04-Jun-2024,22:47:29,2,,,,0,7,,,,,,,,,,,,,,,15,8,25557,,,,21,10924,,,,7,16506,,,,10,24342,,,,16,14620,,,,2,995,,,,30,1898,,,,,,,,,,,,,,,,,,,,,,,,,,,,,,,,,,,,,,,,,,,
HF2024_1006_22U3194,05-Jun-2024,00:39:11,2,,,,0,7,,,,,,,,,,,,,,,15,14,31053,,,,22,24560,,,,17,8584,,,,2,21074,,,,10,25954,,,,8,14421,,,,27,13656,,,,,,,,,,,,,,,,,,,,,,,,,,,,,,,,,,,,,,,,,,,
HF2024_1006_22U3194,05-Jun-2024,06:18:17,3,,,,0,6,,,,,,,,,,,,,,,15,11,3772,,,,4,7968,,,,6,1552,,,,19,7955,,,,9,32510,,,,7,16223,,,,,,,,,,,,,,,,,,,,,,,,,,,,,,,,,,,,,,,,,,,,,,,,
HF2024_1006_22U3194,05-Jun-2024,08:02:47,3,,,,0,7,,,,,,,,,,,,,,,15,11,8891,,,,30,28659,,,,7,16549,,,,6,11159,,,,29,25146,,,,20,5747,,,,13,19334,,,,,,,,,,,,,,,,,,,,,,,,,,,,,,,,,,,,,,,,,,,
HF2024_1006_22U3194,05-Jun-2024,09:01:00,1,,,,0,4,,,,,,,,,,,,,,,15,13,5655,,,,11,3938,,,,5,14526,,,,15,554,,,,,,,,,,,,,,,,,,,,,,,,,,,,,,,,,,,,,,,,,,,,,,,,,,,,,,,,,,
HF2024_1006_22U3194,07-Jun-2024,00:27:09,4,,,,0,6,,,,,,,,,,,,,,,15,2,20822,,,,10,23951,,,,27,24223,,,,32,26434,,,,21,15520,,,,8,10755,,,,,,,,,,,,,,,,,,,,,,,,,,,,,,,,,,,,,,,,,,,,,,,,
HF2024_1006_22U3194,07-Jun-2024,08:52:22,2,,,,0,7,,,,,,,,,,,,,,,15,11,5214,,,,30,3161,,,,13,28522,,,,7,1128,,,,5,7972,,,,15,18333,,,,20,4692,,,,,,,,,,,,,,,,,,,,,,,,,,,,,,,,,,,,,,,,,,,
HF2024_1006_22U3194,08-Jun-2024,03:23:17,4,,,,0,4,,,,,,,,,,,,,,,15,17,7946,,,,4,2321,,,,21,12550,,,,2,1237,,,,,,,,,,,,,,,,,,,,,,,,,,,,,,,,,,,,,,,,,,,,,,,,,,,,,,,,,,
HF2024_1006_22U3194,08-Jun-2024,06:38:56,3,,,,0,4,,,,,,,,,,,,,,,15,6,13133,,,,9,10450,,,,11,26750,,,,7,3763,,,,,,,,,,,,,,,,,,,,,,,,,,,,,,,,,,,,,,,,,,,,,,,,,,,,,,,,,,
HF2024_1006_22U3194,08-Jun-2024,10:53:14,1,,,,0,6,,,,,,,,,,,,,,,15,22,2555,,,,24,3330,,,,14,26426,,,,30,9462,,,,13,7942,,,,15,9307,,,,,,,,,,,,,,,,,,,,,,,,,,,,,,,,,,,,,,,,,,,,,,,,
HF2024_1006_22U3194,09-Jun-2024,07:06:08,5,,,,0,4,,,,,,,,,,,,,,,15,7,9779,,,,6,22769,,,,30,16443,,,,16,28388,,,,,,,,,,,,,,,,,,,,,,,,,,,,,,,,,,,,,,,,,,,,,,,,,,,,,,,,,,
HF2024_1006_22U3194,10-Jun-2024,04:52:00,1,,,,0,4,,,,,,,,,,,,,,,15,9,31264,,,,3,2740,,,,6,24518,,,,4,7137,,,,,,,,,,,,,,,,,,,,,,,,,,,,,,,,,,,,,,,,,,,,,,,,,,,,,,,,,,
HF2024_1006_22U3194,11-Jun-2024,02:16:59,3,,,,0,4,,,,,,,,,,,,,,,15,21,20860,,,,3,8028,,,,32,10232,,,,17,28361,,,,,,,,,,,,,,,,,,,,,,,,,,,,,,,,,,,,,,,,,,,,,,,,,,,,,,,,,,
HF2024_1006_22U3194,12-Jun-2024,20:02:33,1,,,,0,4,,,,,,,,,,,,,,,15,18,27378,,,,29,14992,,,,31,10522,,,,16,4458,,,,,,,,,,,,,,,,,,,,,,,,,,,,,,,,,,,,,,,,,,,,,,,,,,,,,,,,,,
HF2024_1006_22U3194,13-Jun-2024,10:01:47,2,,,,0,7,,,,,,,,,,,,,,,15,5,12018,,,,13,23898,,,,18,20319,,,,15,8782,,,,22,870,,,,20,31961,,,,23,11690,,,,,,,,,,,,,,,,,,,,,,,,,,,,,,,,,,,,,,,,,,,
HF2024_1006_22U3194,13-Jun-2024,17:02:45,1,,,,0,4,,,,,,,,,,,,,,,15,1,32672,,,,31,1622,,,,26,13923,,,,29,8341,,,,,,,,,,,,,,,,,,,,,,,,,,,,,,,,,,,,,,,,,,,,,,,,,,,,,,,,,,
HF2024_1006_22U3194,13-Jun-2024,18:52:25,1,,,,0,4,,,,,,,,,,,,,,,15,29,1835,,,,18,2178,,,,26,1615,,,,5,7161,,,,,,,,,,,,,,,,,,,,,,,,,,,,,,,,,,,,,,,,,,,,,,,,,,,,,,,,,,
HF2024_1006_22U3194,13-Jun-2024,20:52:44,2,,,,0,4,,,,,,,,,,,,,,,15,27,2352,,,,1,5825,,,,16,5973,,,,18,13860,,,,,,,,,,,,,,,,,,,,,,,,,,,,,,,,,,,,,,,,,,,,,,,,,,,,,,,,,,
HF2024_1006_22U3194,13-Jun-2024,22:53:35,4,,,,0,5,,,,,,,,,,,,,,,15,10,25032,,,,27,26134,,,,23,24254,,,,16,24460,,,,8,6098,,,,,,,,,,,,,,,,,,,,,,,,,,,,,,,,,,,,,,,,,,,,,,,,,,,,,
HF2024_1006_22U3194,14-Jun-2024,00:13:41,1,,,,0,6,,,,,,,,,,,,,,,15,32,30790,,,,8,30620,,,,10,17786,,,,2,4258,,,,21,11932,,,,27,21165,,,,,,,,,,,,,,,,,,,,,,,,,,,,,,,,,,,,,,,,,,,,,,,,
HF2024_1006_22U3194,14-Jun-2024,01:55:29,1,,,,0,4,,,,,,,,,,,,,,,15,21,348,,,,3,8866,,,,2,24549,,,,17,697,,,,,,,,,,,,,,,,,,,,,,,,,,,,,,,,,,,,,,,,,,,,,,,,,,,,,,,,,,
HF2024_1006_22U3194,14-Jun-2024,02:28:01,1,,,,0,7,,,,,,,,,,,,,,,15,21,4759,,,,2,1548,,,,31,11648,,,,4,14030,,,,3,2992,,,,17,18459,,,,28,14036,,,,,,,,,,,,,,,,,,,,,,,,,,,,,,,,,,,,,,,,,,,
HF2024_1006_22U3194,14-Jun-2024,04:59:04,2,,,,0,4,,,,,,,,,,,,,,,15,6,27873,,,,9,32142,,,,19,26974,,,,4,30974,,,,,,,,,,,,,,,,,,,,,,,,,,,,,,,,,,,,,,,,,,,,,,,,,,,,,,,,,,
HF2024_1006_22U3194,14-Jun-2024,06:56:18,1,,,,0,7,,,,,,,,,,,,,,,15,30,16441,,,,7,20829,,,,9,16521,,,,6,32459,,,,11,20964,,,,4,24371,,,,5,29152,,,,,,,,,,,,,,,,,,,,,,,,,,,,,,,,,,,,,,,,,,,
HF2024_1006_22U3194,14-Jun-2024,10:53:48,1,,,,0,6,,,,,,,,,,,,,,,15,30,11768,,,,14,8664,,,,22,22374,,,,5,2582,,,,13,30434,,,,17,17699,,,,,,,,,,,,,,,,,,,,,,,,,,,,,,,,,,,,,,,,,,,,,,,,
HF2024_1006_22U3194,14-Jun-2024,16:10:29,1,,,,0,4,,,,,,,,,,,,,,,15,29,6597,,,,12,22983,,,,11,2569,,,,32,2163,,,,,,,,,,,,,,,,,,,,,,,,,,,,,,,,,,,,,,,,,,,,,,,,,,,,,,,,,,
HF2024_1006_22U3194,14-Jun-2024,17:00:19,1,,,,0,6,,,,,,,,,,,,,,,15,12,11297,,,,11,26904,,,,18,14759,,,,25,30050,,,,31,28056,,,,1,27497,,,,,,,,,,,,,,,,,,,,,,,,,,,,,,,,,,,,,,,,,,,,,,,,
HF2024_1006_22U3194,14-Jun-2024,18:56:37,2,,,,0,5,,,,,,,,,,,,,,,15,29,24555,,,,5,169,,,,28,3699,,,,1,24174,,,,31,25478,,,,,,,,,,,,,,,,,,,,,,,,,,,,,,,,,,,,,,,,,,,,,,,,,,,,,
HF2024_1006_22U3194,15-Jun-2024,03:00:26,2,,,,0,4,,,,,,,,,,,,,,,15,21,27544,,,,31,25975,,,,4,20845,,,,3,5745,,,,,,,,,,,,,,,,,,,,,,,,,,,,,,,,,,,,,,,,,,,,,,,,,,,,,,,,,,
HF2024_1006_22U3194,15-Jun-2024,04:32:29,2,,,,0,4,,,,,,,,,,,,,,,15,31,15253,,,,3,26288,,,,4,31556,,,,6,19268,,,,,,,,,,,,,,,,,,,,,,,,,,,,,,,,,,,,,,,,,,,,,,,,,,,,,,,,,,
HF2024_1006_22U3194,15-Jun-2024,09:00:40,1,,,,0,6,,,,,,,,,,,,,,,15,18,13602,,,,13,9665,,,,15,1605,,,,5,29294,,,,20,19098,,,,7,15859,,,,,,,,,,,,,,,,,,,,,,,,,,,,,,,,,,,,,,,,,,,,,,,,
HF2024_1006_22U3194,15-Jun-2024,12:51:39,1,,,,0,4,,,,,,,,,,,,,,,15,19,11008,,,,17,19506,,,,24,26088,,,,22,12816,,,,,,,,,,,,,,,,,,,,,,,,,,,,,,,,,,,,,,,,,,,,,,,,,,,,,,,,,,
HF2024_1006_22U3194,15-Jun-2024,19:11:16,2,,,,0,4,,,,,,,,,,,,,,,15,5,31265,,,,29,18317,,,,1,4457,,,,20,8900,,,,,,,,,,,,,,,,,,,,,,,,,,,,,,,,,,,,,,,,,,,,,,,,,,,,,,,,,,
HF2024_1006_22U3194,16-Jun-2024,02:50:19,3,,,,0,4,,,,,,,,,,,,,,,15,28,14176,,,,3,3819,,,,2,2673,,,,4,26310,,,,,,,,,,,,,,,,,,,,,,,,,,,,,,,,,,,,,,,,,,,,,,,,,,,,,,,,,,
HF2024_1006_22U3194,16-Jun-2024,04:47:39,1,,,,0,4,,,,,,,,,,,,,,,15,9,12052,,,,4,25323,,,,31,11203,,,,3,31120,,,,,,,,,,,,,,,,,,,,,,,,,,,,,,,,,,,,,,,,,,,,,,,,,,,,,,,,,,
HF2024_1006_22U3194,16-Jun-2024,10:01:09,2,,,,0,6,,,,,,,,,,,,,,,15,30,2448,,,,5,18443,,,,20,23511,,,,13,9636,,,,15,25446,,,,7,16321,,,,,,,,,,,,,,,,,,,,,,,,,,,,,,,,,,,,,,,,,,,,,,,,
HF2024_1006_22U3194,16-Jun-2024,14:58:11,4,,,,0,7,,,,,,,,,,,,,,,15,24,4508,,,,29,20298,,,,32,22315,,,,11,9941,,,,12,26754,,,,28,7677,,,,25,28834,,,,,,,,,,,,,,,,,,,,,,,,,,,,,,,,,,,,,,,,,,,
HF2024_1006_22U3194,16-Jun-2024,22:01:34,1,,,,0,4,,,,,,,,,,,,,,,15,16,30268,,,,10,15157,,,,23,9132,,,,27,525,,,,,,,,,,,,,,,,,,,,,,,,,,,,,,,,,,,,,,,,,,,,,,,,,,,,,,,,,,
HF2024_1006_22U3194,17-Jun-2024,00:06:36,3,,,,0,5,,,,,,,,,,,,,,,15,8,25288,,,,27,7357,,,,32,24300,,,,3,1868,,,,2,26688,,,,,,,,,,,,,,,,,,,,,,,,,,,,,,,,,,,,,,,,,,,,,,,,,,,,,
HF2024_1006_22U3194,17-Jun-2024,03:01:24,1,,,,0,6,,,,,,,,,,,,,,,15,2,21709,,,,3,1878,,,,4,17912,,,,21,24383,,,,28,26046,,,,19,18573,,,,,,,,,,,,,,,,,,,,,,,,,,,,,,,,,,,,,,,,,,,,,,,,
HF2024_1006_22U3194,17-Jun-2024,04:55:55,3,,,,0,4,,,,,,,,,,,,,,,15,3,12160,,,,7,9221,,,,19,31020,,,,9,29396,,,,,,,,,,,,,,,,,,,,,,,,,,,,,,,,,,,,,,,,,,,,,,,,,,,,,,,,,,
HF2024_1006_22U3194,17-Jun-2024,11:00:01,2,,,,0,4,,,,,,,,,,,,,,,15,24,21632,,,,15,17480,,,,5,26143,,,,13,10688,,,,,,,,,,,,,,,,,,,,,,,,,,,,,,,,,,,,,,,,,,,,,,,,,,,,,,,,,,
HF2024_1006_22U3194,17-Jun-2024,11:02:08,2,,,,0,4,,,,,,,,,,,,,,,15,22,18173,,,,14,7255,,,,24,32241,,,,17,16436,,,,,,,,,,,,,,,,,,,,,,,,,,,,,,,,,,,,,,,,,,,,,,,,,,,,,,,,,,
HF2024_1006_22U3194,17-Jun-2024,13:47:20,2,,,,0,5,,,,,,,,,,,,,,,15,24,15444,,,,10,3938,,,,12,4637,,,,25,1609,,,,19,18874,,,,,,,,,,,,,,,,,,,,,,,,,,,,,,,,,,,,,,,,,,,,,,,,,,,,,
HF2024_1006_22U3194,17-Jun-2024,15:00:33,1,,,,0,5,,,,,,,,,,,,,,,15,24,23922,,,,29,30412,,,,12,2073,,,,32,29484,,,,28,13816,,,,,,,,,,,,,,,,,,,,,,,,,,,,,,,,,,,,,,,,,,,,,,,,,,,,,
HF2024_1006_22U3194,17-Jun-2024,20:48:19,1,,,,0,7,,,,,,,,,,,,,,,15,18,13321,,,,27,16654,,,,26,11750,,,,1,5597,,,,10,19234,,,,16,11809,,,,23,28844,,,,,,,,,,,,,,,,,,,,,,,,,,,,,,,,,,,,,,,,,,,
HF2024_1006_22U3194,17-Jun-2024,22:39:19,1,,,,0,6,,,,,,,,,,,,,,,15,27,25898,,,,10,2537,,,,32,28792,,,,16,8435,,,,21,9130,,,,23,4315,,,,,,,,,,,,,,,,,,,,,,,,,,,,,,,,,,,,,,,,,,,,,,,,
HF2024_1006_22U3194,18-Jun-2024,01:24:21,1,,,,0,4,,,,,,,,,,,,,,,15,2,19398,,,,21,16367,,,,3,5430,,,,17,9112,,,,,,,,,,,,,,,,,,,,,,,,,,,,,,,,,,,,,,,,,,,,,,,,,,,,,,,,,,
HF2024_1006_22U3194,18-Jun-2024,04:54:17,1,,,,0,4,,,,,,,,,,,,,,,15,19,4343,,,,9,20659,,,,6,30963,,,,11,17004,,,,,,,,,,,,,,,,,,,,,,,,,,,,,,,,,,,,,,,,,,,,,,,,,,,,,,,,,,
HF2024_1006_22U3194,18-Jun-2024,22:39:55,2,,,,0,6,,,,,,,,,,,,,,,15,23,18367,,,,8,3722,,,,14,7932,,,,21,10460,,,,10,27512,,,,2,30669,,,,,,,,,,,,,,,,,,,,,,,,,,,,,,,,,,,,,,,,,,,,,,,,
HF2024_1006_22U3194,22-Jun-2024,06:11:57,2,,,,0,7,,,,,,,,,,,,,,,15,9,2884,,,,30,11132,,,,7,13986,,,,6,21608,,,,20,6344,,,,4,6261,,,,11,17614,,,,,,,,,,,,,,,,,,,,,,,,,,,,,,,,,,,,,,,,,,,
HF2024_1006_22U3194,23-Jun-2024,13:02:08,1,,,,0,5,,,,,,,,,,,,,,,15,32,3626,,,,19,16254,,,,24,8809,,,,17,11360,,,,12,2424,,,,,,,,,,,,,,,,,,,,,,,,,,,,,,,,,,,,,,,,,,,,,,,,,,,,,
HF2024_1006_22U3194,23-Jun-2024,15:00:50,2,,,,0,4,,,,,,,,,,,,,,,15,12,19756,,,,25,3347,,,,11,19308,,,,28,3701,,,,,,,,,,,,,,,,,,,,,,,,,,,,,,,,,,,,,,,,,,,,,,,,,,,,,,,,,,
HF2024_1006_22U3194,23-Jun-2024,21:04:55,5,,,,0,5,,,,,,,,,,,,,,,15,10,6391,,,,27,18309,,,,16,69,,,,7,22860,,,,1,1668,,,,,,,,,,,,,,,,,,,,,,,,,,,,,,,,,,,,,,,,,,,,,,,,,,,,,
HF2024_1006_22U3194,25-Jun-2024,10:49:08,1,,,,0,7,,,,,,,,,,,,,,,15,23,13065,,,,22,2026,,,,14,29916,,,,13,8952,,,,24,25720,,,,10,25559,,,,15,25994,,,,,,,,,,,,,,,,,,,,,,,,,,,,,,,,,,,,,,,,,,,
HF2024_1006_22U3194,25-Jun-2024,16:02:45,1,,,,0,4,,,,,,,,,,,,,,,15,31,6776,,,,1,12881,,,,28,23526,,,,26,258,,,,,,,,,,,,,,,,,,,,,,,,,,,,,,,,,,,,,,,,,,,,,,,,,,,,,,,,,,
HF2024_1006_22U3194,25-Jun-2024,19:06:07,1,,,,0,6,,,,,,,,,,,,,,,15,5,14253,,,,23,15849,,,,16,27328,,,,1,13438,,,,18,22826,,,,29,24491,,,,,,,,,,,,,,,,,,,,,,,,,,,,,,,,,,,,,,,,,,,,,,,,
HF2024_1006_22U3194,25-Jun-2024,21:03:59,2,,,,0,4,,,,,,,,,,,,,,,15,15,7610,,,,10,11575,,,,7,2315,,,,27,839,,,,,,,,,,,,,,,,,,,,,,,,,,,,,,,,,,,,,,,,,,,,,,,,,,,,,,,,,,
HF2024_1006_22U3194,26-Jun-2024,05:24:36,2,,,,0,5,,,,,,,,,,,,,,,15,9,29373,,,,7,3796,,,,6,9902,,,,4,7264,,,,16,17798,,,,,,,,,,,,,,,,,,,,,,,,,,,,,,,,,,,,,,,,,,,,,,,,,,,,,
HF2024_1006_22U3194,26-Jun-2024,06:03:32,1,,,,0,4,,,,,,,,,,,,,,,15,20,1275,,,,11,9227,,,,9,21373,,,,7,32586,,,,,,,,,,,,,,,,,,,,,,,,,,,,,,,,,,,,,,,,,,,,,,,,,,,,,,,,,,
HF2024_1006_22U3194,26-Jun-2024,08:05:26,1,,,,0,4,,,,,,,,,,,,,,,15,7,13858,,,,15,20148,,,,30,10242,,,,13,14084,,,,,,,,,,,,,,,,,,,,,,,,,,,,,,,,,,,,,,,,,,,,,,,,,,,,,,,,,,
HF2024_1006_22U3194,26-Jun-2024,19:01:15,3,,,,0,4,,,,,,,,,,,,,,,15,1,19407,,,,26,17161,,,,18,26179,,,,16,31992,,,,,,,,,,,,,,,,,,,,,,,,,,,,,,,,,,,,,,,,,,,,,,,,,,,,,,,,,,
HF2024_1006_22U3194,27-Jun-2024,03:02:33,1,,,,0,4,,,,,,,,,,,,,,,15,2,2814,,,,31,2965,,,,3,26070,,,,6,4596,,,,,,,,,,,,,,,,,,,,,,,,,,,,,,,,,,,,,,,,,,,,,,,,,,,,,,,,,,
HF2024_1006_22U3194,27-Jun-2024,07:08:59,3,,,,0,5,,,,,,,,,,,,,,,15,13,5604,,,,11,11841,,,,30,7257,,,,20,11532,,,,5,1118,,,,,,,,,,,,,,,,,,,,,,,,,,,,,,,,,,,,,,,,,,,,,,,,,,,,,
HF2024_1006_22U3194,27-Jun-2024,10:22:06,11,,,,0,8,,,,,,,,,,,,,,,15,14,1827,,,,17,9074,,,,30,14819,,,,22,10592,,,,13,28554,,,,23,19651,,,,24,26608,,,,27,12926,,,,,,,,,,,,,,,,,,,,,,,,,,,,,,,,,,,,,,
HF2024_1006_22U3194,28-Jun-2024,05:06:15,1,,,,0,7,,,,,,,,,,,,,,,15,11,5269,,,,20,17171,,,,6,17026,,,,9,14291,,,,4,18782,,,,7,12009,,,,29,13314,,,,,,,,,,,,,,,,,,,,,,,,,,,,,,,,,,,,,,,,,,,
HF2024_1006_22U3194,28-Jun-2024,07:05:24,2,,,,0,7,,,,,,,,,,,,,,,15,13,30398,,,,11,32322,,,,30,30309,,,,5,25077,,,,18,16668,,,,20,1141,,,,7,786,,,,,,,,,,,,,,,,,,,,,,,,,,,,,,,,,,,,,,,,,,,
HF2024_1006_22U3194,28-Jun-2024,09:04:19,1,,,,0,7,,,,,,,,,,,,,,,15,14,22130,,,,18,29808,,,,5,29386,,,,15,314,,,,23,18138,,,,24,6869,,,,22,12478,,,,,,,,,,,,,,,,,,,,,,,,,,,,,,,,,,,,,,,,,,,
HF2024_1006_22U3194,28-Jun-2024,10:53:08,2,,,,0,8,,,,,,,,,,,,,,,15,24,7892,,,,13,17484,,,,19,24808,,,,10,11752,,,,15,29400,,,,12,31221,,,,21,8852,,,,22,10289,,,,,,,,,,,,,,,,,,,,,,,,,,,,,,,,,,,,,,
HF2024_1006_22U3194,28-Jun-2024,13:51:29,1,,,,0,5,,,,,,,,,,,,,,,15,32,9583,,,,25,8373,,,,12,26143,,,,28,21349,,,,19,24134,,,,,,,,,,,,,,,,,,,,,,,,,,,,,,,,,,,,,,,,,,,,,,,,,,,,,
HF2024_1006_22U3194,28-Jun-2024,16:28:24,2,,,,0,4,,,,,,,,,,,,,,,15,4,19006,,,,26,15725,,,,1,23087,,,,31,14281,,,,,,,,,,,,,,,,,,,,,,,,,,,,,,,,,,,,,,,,,,,,,,,,,,,,,,,,,,
HF2024_1006_22U3194,29-Jun-2024,04:40:52,1,,,,0,7,,,,,,,,,,,,,,,15,11,23295,,,,20,14308,,,,6,21273,,,,1,17101,,,,9,6140,,,,4,6003,,,,26,5874,,,,,,,,,,,,,,,,,,,,,,,,,,,,,,,,,,,,,,,,,,,
HF2024_1006_22U3194,01-Jul-2024,00:05:13,1,,,,0,4,,,,,,,,,,,,,,,15,3,18579,,,,2,3666,,,,32,5697,,,,17,30461,,,,,,,,,,,,,,,,,,,,,,,,,,,,,,,,,,,,,,,,,,,,,,,,,,,,,,,,,,
HF2024_1006_22U3194,02-Jul-2024,17:58:52,1,,,,0,4,,,,,,,,,,,,,,,15,16,28672,,,,26,17609,,,,1,11686,,,,29,29560,,,,,,,,,,,,,,,,,,,,,,,,,,,,,,,,,,,,,,,,,,,,,,,,,,,,,,,,,,
HF2024_1006_22U3194,03-Jul-2024,20:01:38,1,,,,0,4,,,,,,,,,,,,,,,15,16,30814,,,,27,1723,,,,26,22994,,,,1,16704,,,,,,,,,,,,,,,,,,,,,,,,,,,,,,,,,,,,,,,,,,,,,,,,,,,,,,,,,,
HF2024_1006_22U3194,05-Jul-2024,16:25:10,4,,,,0,6,,,,,,,,,,,,,,,15,28,28989,,,,29,21131,,,,20,14220,,,,11,22875,,,,5,32354,,,,12,7649,,,,,,,,,,,,,,,,,,,,,,,,,,,,,,,,,,,,,,,,,,,,,,,,
HF2024_1006_22U3194,11-Jul-2024,17:04:51,1,-1.000000,,,0,4,,,,,,,,,,,,,,,15,18,10624,,,,27,31804,,,,25,31342,,,,1,3184,,,,,,,,,,,,,,,,,,,,,,,,,,,,,,,,,,,,,,,,,,,,,,,,,,,,,,,,,,
HF2024_1006_22U3194,11-Jul-2024,23:05:35,2,-1.000000,,,0,8,,,,,,,,,,,,,,,15,32,17392,,,,8,530,,,,2,3212,,,,14,13407,,,,10,2542,,,,21,31523,,,,17,8906,,,,3,26411,,,,,,,,,,,,,,,,,,,,,,,,,,,,,,,,,,,,,,
HF2024_1006_22U3194,13-Jul-2024,06:01:18,2,-1.000000,,,0,6,,,,,,,,,,,,,,,15,5,1900,,,,30,15192,,,,7,19862,,,,11,2649,,,,20,20410,,,,13,5891,,,,,,,,,,,,,,,,,,,,,,,,,,,,,,,,,,,,,,,,,,,,,,,,
HF2024_1006_22U3194,13-Jul-2024,20:04:17,3,-1.000000,,,0,4,,,,,,,,,,,,,,,15,8,1958,,,,15,1752,,,,7,22149,,,,21,23901,,,,,,,,,,,,,,,,,,,,,,,,,,,,,,,,,,,,,,,,,,,,,,,,,,,,,,,,,,
HF2024_1006_22U3194,19-Jul-2024,01:56:12,7,-1.000000,,,0,5,,,,,,,,,,,,,,,15,3,14010,,,,2,8364,,,,17,22539,,,,31,15980,,,,9,3302,,,,,,,,,,,,,,,,,,,,,,,,,,,,,,,,,,,,,,,,,,,,,,,,,,,,,
HF2024_1006_22U3194,19-Jul-2024,05:08:17,2,-1.000000,,,0,4,,,,,,,,,,,,,,,15,11,9859,,,,9,13815,,,,7,16168,,,,30,22978,,,,,,,,,,,,,,,,,,,,,,,,,,,,,,,,,,,,,,,,,,,,,,,,,,,,,,,,,,
HF2024_1006_22U3194,19-Jul-2024,09:18:39,2,-1.000000,,,0,7,,,,,,,,,,,,,,,15,14,7344,,,,17,19223,,,,23,1938,,,,13,2604,,,,2,718,,,,19,10289,,,,15,29502,,,,,,,,,,,,,,,,,,,,,,,,,,,,,,,,,,,,,,,,,,,
HF2024_1006_22U3194,19-Jul-2024,16:25:14,14,-1.000000,,,0,4,,,,,,,,,,,,,,,15,25,7655,,,,28,29877,,,,31,18018,,,,18,25824,,,,,,,,,,,,,,,,,,,,,,,,,,,,,,,,,,,,,,,,,,,,,,,,,,,,,,,,,,
HF2024_1006_22U3194,28-Jul-2024,13:07:30,4,-1.000000,,,0,6,,,,,,,,,,,,,,,15,12,25840,,,,31,24301,,,,29,15716,,,,11,20575,,,,28,30298,,,,25,27469,,,,,,,,,,,,,,,,,,,,,,,,,,,,,,,,,,,,,,,,,,,,,,,,
HF2024_1006_22U3194,28-Jul-2024,15:12:19,1,-1.000000,,,0,4,,,,,,,,,,,,,,,15,18,8379,,,,28,1993,,,,31,774,,,,25,21021,,,,,,,,,,,,,,,,,,,,,,,,,,,,,,,,,,,,,,,,,,,,,,,,,,,,,,,,,,
HF2024_1006_22U3194,28-Jul-2024,19:14:38,2,-1.000000,,,0,4,,,,,,,,,,,,,,,15,10,23460,,,,23,26286,,,,8,27340,,,,16,4584,,,,,,,,,,,,,,,,,,,,,,,,,,,,,,,,,,,,,,,,,,,,,,,,,,,,,,,,,,
HF2024_1006_22U3194,28-Jul-2024,23:58:11,4,-1.000000,,,0,4,,,,,,,,,,,,,,,15,21,22525,,,,31,1752,,,,2,15705,,,,4,13762,,,,,,,,,,,,,,,,,,,,,,,,,,,,,,,,,,,,,,,,,,,,,,,,,,,,,,,,,,
HF2024_1006_22U3194,29-Jul-2024,00:06:06,5,-1.000000,,,0,5,,,,,,,,,,,,,,,15,2,20134,,,,3,12851,,,,21,22675,,,,4,13502,,,,31,26776,,,,,,,,,,,,,,,,,,,,,,,,,,,,,,,,,,,,,,,,,,,,,,,,,,,,,
HF2024_1006_22U3194,29-Jul-2024,01:00:11,1,-1.000000,,,0,4,,,,,,,,,,,,,,,15,6,20189,,,,3,4342,,,,4,3850,,,,19,672,,,,,,,,,,,,,,,,,,,,,,,,,,,,,,,,,,,,,,,,,,,,,,,,,,,,,,,,,,
HF2024_1006_22U3194,29-Jul-2024,04:59:22,3,-1.000000,,,0,5,,,,,,,,,,,,,,,15,20,14943,,,,5,29096,,,,9,3449,,,,11,6111,,,,7,3332,,,,,,,,,,,,,,,,,,,,,,,,,,,,,,,,,,,,,,,,,,,,,,,,,,,,,
HF2024_1006_22U3194,29-Jul-2024,06:58:33,2,-1.000000,,,0,5,,,,,,,,,,,,,,,15,22,29995,,,,14,3641,,,,5,2881,,,,30,29739,,,,18,15626,,,,,,,,,,,,,,,,,,,,,,,,,,,,,,,,,,,,,,,,,,,,,,,,,,,,,
HF2024_1006_22U3194,29-Jul-2024,10:57:12,1,-1.000000,,,0,4,,,,,,,,,,,,,,,15,19,12627,,,,12,2860,,,,17,20639,,,,32,9400,,,,,,,,,,,,,,,,,,,,,,,,,,,,,,,,,,,,,,,,,,,,,,,,,,,,,,,,,,
HF2024_1006_22U3194,29-Jul-2024,11:04:15,2,-1.000000,,,0,5,,,,,,,,,,,,,,,15,24,22315,,,,19,18515,,,,32,2384,,,,12,31118,,,,25,28264,,,,,,,,,,,,,,,,,,,,,,,,,,,,,,,,,,,,,,,,,,,,,,,,,,,,,
HF2024_1006_22U3194,29-Jul-2024,14:03:33,3,-1.000000,,,0,6,,,,,,,,,,,,,,,15,31,12896,,,,28,19658,,,,29,8680,,,,25,23607,,,,1,338,,,,12,27149,,,,,,,,,,,,,,,,,,,,,,,,,,,,,,,,,,,,,,,,,,,,,,,,
HF2024_1006_22U3194,30-Jul-2024,11:14:09,3,-1.000000,,,0,5,,,,,,,,,,,,,,,15,25,12602,,,,19,21902,,,,24,5238,,,,28,29034,,,,12,16440,,,,,,,,,,,,,,,,,,,,,,,,,,,,,,,,,,,,,,,,,,,,,,,,,,,,,
HF2024_1006_22U3194,30-Jul-2024,13:06:18,5,-1.000000,,,0,6,,,,,,,,,,,,,,,15,31,16183,,,,28,6950,,,,29,7367,,,,11,2639,,,,6,17172,,,,1,12839,,,,,,,,,,,,,,,,,,,,,,,,,,,,,,,,,,,,,,,,,,,,,,,,
HF2024_1006_22U3194,30-Jul-2024,14:54:35,1,-1.000000,,,0,4,,,,,,,,,,,,,,,15,31,10225,,,,26,2652,,,,4,31346,,,,1,31226,,,,,,,,,,,,,,,,,,,,,,,,,,,,,,,,,,,,,,,,,,,,,,,,,,,,,,,,,,
HF2024_1006_22U3194,30-Jul-2024,15:06:35,3,-1.000000,,,0,8,,,,,,,,,,,,,,,15,26,15554,,,,20,11316,,,,1,7940,,,,4,7026,,,,11,23528,,,,9,25009,,,,31,10716,,,,16,1477,,,,,,,,,,,,,,,,,,,,,,,,,,,,,,,,,,,,,,
HF2024_1006_22U3194,30-Jul-2024,18:04:14,4,-1.000000,,,0,8,,,,,,,,,,,,,,,15,27,3217,,,,7,12378,,,,16,26540,,,,8,24366,,,,18,13554,,,,1,28449,,,,30,21738,,,,23,26223,,,,,,,,,,,,,,,,,,,,,,,,,,,,,,,,,,,,,,
HF2024_1006_22U3194,30-Jul-2024,20:58:44,2,-1.000000,,,0,5,,,,,,,,,,,,,,,15,14,12102,,,,2,19862,,,,32,18136,,,,21,16581,,,,17,3346,,,,,,,,,,,,,,,,,,,,,,,,,,,,,,,,,,,,,,,,,,,,,,,,,,,,,
HF2024_1006_22U3194,30-Jul-2024,22:57:37,1,-1.000000,,,0,4,,,,,,,,,,,,,,,15,17,13419,,,,32,26770,,,,19,5537,,,,3,11932,,,,,,,,,,,,,,,,,,,,,,,,,,,,,,,,,,,,,,,,,,,,,,,,,,,,,,,,,,
HF2024_1006_22U3194,31-Jul-2024,23:01:47,1,-1.000000,,,0,4,,,,,,,,,,,,,,,15,3,32559,,,,17,18802,,,,32,25038,,,,22,24926,,,,,,,,,,,,,,,,,,,,,,,,,,,,,,,,,,,,,,,,,,,,,,,,,,,,,,,,,,
HF2024_1006_22U3194,01-Aug-2024,02:58:30,1,-1.000000,,,0,4,,,,,,,,,,,,,,,15,11,2428,,,,20,10491,,,,4,30037,,,,6,21418,,,,,,,,,,,,,,,,,,,,,,,,,,,,,,,,,,,,,,,,,,,,,,,,,,,,,,,,,,
HF2024_1006_22U3194,01-Aug-2024,10:01:44,4,-1.000000,,,0,4,,,,,,,,,,,,,,,15,10,5748,,,,19,13783,,,,32,15658,,,,12,23582,,,,,,,,,,,,,,,,,,,,,,,,,,,,,,,,,,,,,,,,,,,,,,,,,,,,,,,,,,
HF2024_1006_22U3194,09-Aug-2024,13:03:18,1,-1.000000,,,0,4,,,,,,,,,,,,,,,15,31,5314,,,,1,7200,,,,29,1222,,,,26,29331,,,,,,,,,,,,,,,,,,,,,,,,,,,,,,,,,,,,,,,,,,,,,,,,,,,,,,,,,,
HF2024_1006_22U3194,09-Aug-2024,15:16:53,7,-1.000000,,,0,7,,,,,,,,,,,,,,,15,1,15697,,,,26,6966,,,,31,18086,,,,29,18182,,,,16,20842,,,,18,9241,,,,14,18376,,,,,,,,,,,,,,,,,,,,,,,,,,,,,,,,,,,,,,,,,,,
HF2024_1006_22U3194,12-Aug-2024,03:04:48,3,-1.000000,,,0,6,,,,,,,,,,,,,,,15,5,12852,,,,11,28030,,,,20,2934,,,,9,25904,,,,30,26264,,,,6,18613,,,,,,,,,,,,,,,,,,,,,,,,,,,,,,,,,,,,,,,,,,,,,,,,
HF2024_1006_22U3194,12-Aug-2024,08:48:04,1,-1.000000,,,0,7,,,,,,,,,,,,,,,15,10,20174,,,,32,2890,,,,17,13177,,,,23,1827,,,,22,22300,,,,24,23013,,,,2,9782,,,,,,,,,,,,,,,,,,,,,,,,,,,,,,,,,,,,,,,,,,,
HF2024_1006_22U3194,12-Aug-2024,14:05:13,6,-1.000000,,,0,6,,,,,,,,,,,,,,,15,28,6203,,,,29,24364,,,,18,25296,,,,20,1030,,,,26,12316,,,,31,22341,,,,,,,,,,,,,,,,,,,,,,,,,,,,,,,,,,,,,,,,,,,,,,,,
HF2024_1006_22U3194,15-Aug-2024,16:59:56,1,-2.000000,,,0,5,,,,,,,,,,,,,,,15,16,27289,,,,10,27132,,,,1,21404,,,,23,13870,,,,26,15430,,,,,,,,,,,,,,,,,,,,,,,,,,,,,,,,,,,,,,,,,,,,,,,,,,,,,
HF2024_1006_22U3194,15-Aug-2024,21:00:58,1,-2.000000,,,0,6,,,,,,,,,,,,,,,15,32,2826,,,,3,6675,,,,10,5102,,,,2,30488,,,,21,19818,,,,17,9053,,,,,,,,,,,,,,,,,,,,,,,,,,,,,,,,,,,,,,,,,,,,,,,,
HF2024_1006_22U3194,16-Aug-2024,00:01:15,1,-2.000000,,,0,4,,,,,,,,,,,,,,,15,19,23853,,,,9,16674,,,,17,15787,,,,6,25030,,,,,,,,,,,,,,,,,,,,,,,,,,,,,,,,,,,,,,,,,,,,,,,,,,,,,,,,,,
HF2024_1006_22U3194,17-Aug-2024,04:03:23,2,-2.000000,,,0,5,,,,,,,,,,,,,,,15,30,7370,,,,20,17804,,,,14,27352,,,,7,12008,,,,27,25338,,,,,,,,,,,,,,,,,,,,,,,,,,,,,,,,,,,,,,,,,,,,,,,,,,,,,
HF2024_1006_22U3194,18-Aug-2024,21:00:29,1,-2.000000,,,0,5,,,,,,,,,,,,,,,15,32,26981,,,,10,31482,,,,17,20850,,,,28,13396,,,,21,9602,,,,,,,,,,,,,,,,,,,,,,,,,,,,,,,,,,,,,,,,,,,,,,,,,,,,,
HF2024_1006_22U3194,14-Sep-2024,06:05:52,1,-2.000000,,,0,6,,,,,,,,,,,,,,,15,14,11976,,,,22,28389,,,,10,13014,,,,17,1153,,,,2,5656,,,,24,26383,,,,,,,,,,,,,,,,,,,,,,,,,,,,,,,,,,,,,,,,,,,,,,,,
HF2024_1006_22U3194,15-Sep-2024,07:05:43,1,-2.000000,,,0,6,,,,,,,,,,,,,,,15,24,30437,,,,22,8273,,,,17,22628,,,,10,3932,,,,32,13746,,,,12,24133,,,,,,,,,,,,,,,,,,,,,,,,,,,,,,,,,,,,,,,,,,,,,,,,
HF2024_1006_22U3194,17-Sep-2024,16:10:27,2,-2.000000,,,0,5,,,,,,,,,,,,,,,15,10,16693,,,,27,26129,,,,8,27866,,,,21,13815,,,,2,29308,,,,,,,,,,,,,,,,,,,,,,,,,,,,,,,,,,,,,,,,,,,,,,,,,,,,,
HF2024_1006_22U3194,17-Sep-2024,19:03:20,1,-2.000000,,,0,4,,,,,,,,,,,,,,,15,21,17443,,,,32,12531,,,,28,27110,,,,10,5267,,,,,,,,,,,,,,,,,,,,,,,,,,,,,,,,,,,,,,,,,,,,,,,,,,,,,,,,,,
HF2024_1006_22U3194,18-Sep-2024,06:09:07,1,-2.000000,,,0,4,,,,,,,,,,,,,,,15,17,15402,,,,19,6701,,,,22,10470,,,,10,18875,,,,,,,,,,,,,,,,,,,,,,,,,,,,,,,,,,,,,,,,,,,,,,,,,,,,,,,,,,
HF2024_1006_22U3194,30-Sep-2024,11:01:53,1,-3.000000,,,0,7,,,,,,,,,,,,,,,15,29,30220,,,,5,8471,,,,18,27709,,,,20,10467,,,,1,5770,,,,25,2971,,,,31,19368,,,,,,,,,,,,,,,,,,,,,,,,,,,,,,,,,,,,,,,,,,,
HF2024_1006_22U3194,05-Oct-2024,18:23:30,1,-3.000000,,,0,4,,,,,,,,,,,,,,,15,19,5596,,,,32,12645,,,,17,11574,,,,2,3690,,,,,,,,,,,,,,,,,,,,,,,,,,,,,,,,,,,,,,,,,,,,,,,,,,,,,,,,,,
HF2024_1006_22U3194,07-Oct-2024,11:17:46,2,-3.000000,,,0,6,,,,,,,,,,,,,,,15,29,3080,,,,26,6436,,,,5,27343,,,,1,17409,,,,16,29062,,,,25,5981,,,,,,,,,,,,,,,,,,,,,,,,,,,,,,,,,,,,,,,,,,,,,,,,
HF2024_1006_22U3194,11-Oct-2024,13:04:32,2,-3.000000,,,0,6,,,,,,,,,,,,,,,15,10,26166,,,,26,5517,,,,27,4994,,,,16,3457,,,,18,1204,,,,23,21703,,,,,,,,,,,,,,,,,,,,,,,,,,,,,,,,,,,,,,,,,,,,,,,,
HF2024_1006_22U3194,12-Oct-2024,07:00:22,2,-3.000000,,,0,5,,,,,,,,,,,,,,,15,6,29303,,,,19,16427,,,,32,24471,,,,11,8122,,,,25,27512,,,,,,,,,,,,,,,,,,,,,,,,,,,,,,,,,,,,,,,,,,,,,,,,,,,,,
HF2024_1006_22U3194,12-Oct-2024,20:02:12,1,-3.000000,,,0,4,,,,,,,,,,,,,,,15,28,21308,,,,2,18317,,,,31,1532,,,,3,17138,,,,,,,,,,,,,,,,,,,,,,,,,,,,,,,,,,,,,,,,,,,,,,,,,,,,,,,,,,
HF2024_1006_22U3194,12-Oct-2024,21:06:17,1,-3.000000,,,0,5,,,,,,,,,,,,,,,15,7,7052,,,,3,20360,,,,4,10722,,,,6,550,,,,11,16902,,,,,,,,,,,,,,,,,,,,,,,,,,,,,,,,,,,,,,,,,,,,,,,,,,,,,
HF2024_1006_22U3194,13-Oct-2024,21:01:49,7,-3.000000,,,0,4,,,,,,,,,,,,,,,15,6,17175,,,,7,18924,,,,3,5790,,,,4,29596,,,,,,,,,,,,,,,,,,,,,,,,,,,,,,,,,,,,,,,,,,,,,,,,,,,,,,,,,,
HF2024_1006_22U3194,20-Oct-2024,01:11:28,2,-3.000000,,,0,4,,,,,,,,,,,,,,,15,30,12113,,,,5,8296,,,,14,9911,,,,7,32726,,,,,,,,,,,,,,,,,,,,,,,,,,,,,,,,,,,,,,,,,,,,,,,,,,,,,,,,,,
HF2024_1006_22U3194,20-Oct-2024,08:16:00,1,-3.000000,,,0,7,,,,,,,,,,,,,,,15,11,32295,,,,12,3497,,,,25,25100,,,,31,22353,,,,29,15612,,,,20,32723,,,,26,24194,,,,,,,,,,,,,,,,,,,,,,,,,,,,,,,,,,,,,,,,,,,
HF2024_1006_22U3194,20-Oct-2024,10:02:46,1,-3.000000,,,0,8,,,,,,,,,,,,,,,15,5,13056,,,,29,19206,,,,20,10831,,,,16,13108,,,,31,7178,,,,26,22037,,,,9,22758,,,,11,30503,,,,,,,,,,,,,,,,,,,,,,,,,,,,,,,,,,,,,,
HF2024_1006_22U3194,20-Oct-2024,11:05:36,6,-3.000000,,,0,5,,,,,,,,,,,,,,,15,5,6684,,,,27,9092,,,,29,20400,,,,16,32176,,,,31,9922,,,,,,,,,,,,,,,,,,,,,,,,,,,,,,,,,,,,,,,,,,,,,,,,,,,,,
HF2024_1006_22U3194,20-Oct-2024,13:05:56,4,-3.000000,,,0,8,,,,,,,,,,,,,,,15,15,22654,,,,18,11456,,,,10,2609,,,,27,24384,,,,16,21462,,,,13,5021,,,,7,1850,,,,8,4385,,,,,,,,,,,,,,,,,,,,,,,,,,,,,,,,,,,,,,
HF2024_1006_22U3194,20-Oct-2024,15:12:54,3,-3.000000,,,0,4,,,,,,,,,,,,,,,15,10,22035,,,,2,25724,,,,32,6636,,,,24,7473,,,,,,,,,,,,,,,,,,,,,,,,,,,,,,,,,,,,,,,,,,,,,,,,,,,,,,,,,,
HF2024_1006_22U3194,20-Oct-2024,17:20:02,3,-3.000000,,,0,5,,,,,,,,,,,,,,,15,32,27096,,,,17,6476,,,,2,7349,,,,3,21898,,,,28,23814,,,,,,,,,,,,,,,,,,,,,,,,,,,,,,,,,,,,,,,,,,,,,,,,,,,,,
HF2024_1006_22U3194,20-Oct-2024,19:27:56,1,-3.000000,,,0,7,,,,,,,,,,,,,,,15,3,1104,,,,31,29884,,,,28,17246,,,,6,908,,,,9,15682,,,,25,1401,,,,4,10692,,,,,,,,,,,,,,,,,,,,,,,,,,,,,,,,,,,,,,,,,,,
HF2024_1006_22U3194,20-Oct-2024,21:00:45,1,-3.000000,,,0,8,,,,,,,,,,,,,,,15,7,32206,,,,4,12998,,,,6,14808,,,,26,13746,,,,9,3086,,,,11,14065,,,,20,9614,,,,31,26873,,,,,,,,,,,,,,,,,,,,,,,,,,,,,,,,,,,,,,
HF2024_1006_22U3194,20-Oct-2024,22:00:07,1,-3.000000,,,0,8,,,,,,,,,,,,,,,15,9,3205,,,,20,6108,,,,26,15522,,,,16,24050,,,,11,13750,,,,5,11407,,,,29,20364,,,,7,9977,,,,,,,,,,,,,,,,,,,,,,,,,,,,,,,,,,,,,,
HF2024_1006_22U3194,20-Oct-2024,23:59:25,2,-3.000000,,,0,8,,,,,,,,,,,,,,,15,7,4098,,,,5,32152,,,,13,20494,,,,8,19789,,,,27,21234,,,,18,2223,,,,20,28688,,,,30,25045,,,,,,,,,,,,,,,,,,,,,,,,,,,,,,,,,,,,,,
HF2024_1006_22U3194,21-Oct-2024,00:54:03,2,-3.000000,,,0,4,,,,,,,,,,,,,,,15,7,2558,,,,8,30146,,,,30,31520,,,,15,2790,,,,,,,,,,,,,,,,,,,,,,,,,,,,,,,,,,,,,,,,,,,,,,,,,,,,,,,,,,
HF2024_1006_22U3194,21-Oct-2024,03:03:38,4,-3.000000,,,0,7,,,,,,,,,,,,,,,15,15,11083,,,,17,31036,,,,21,16933,,,,10,13202,,,,23,30186,,,,24,4783,,,,19,8692,,,,,,,,,,,,,,,,,,,,,,,,,,,,,,,,,,,,,,,,,,,
HF2024_1006_22U3194,21-Oct-2024,05:03:09,1,-3.000000,,,0,7,,,,,,,,,,,,,,,15,12,8701,,,,6,9343,,,,19,2147,,,,22,5521,,,,32,1334,,,,17,22235,,,,24,19080,,,,,,,,,,,,,,,,,,,,,,,,,,,,,,,,,,,,,,,,,,,
HF2024_1006_22U3194,21-Oct-2024,07:04:20,4,-3.000000,,,0,6,,,,,,,,,,,,,,,15,25,29989,,,,6,17995,,,,24,2898,,,,12,25554,,,,11,31352,,,,29,13791,,,,,,,,,,,,,,,,,,,,,,,,,,,,,,,,,,,,,,,,,,,,,,,,
HF2024_1006_22U3194,21-Oct-2024,09:04:08,2,-3.000000,,,0,8,,,,,,,,,,,,,,,15,11,31515,,,,18,29049,,,,4,15914,,,,29,14999,,,,20,3330,,,,9,31117,,,,25,13370,,,,26,25947,,,,,,,,,,,,,,,,,,,,,,,,,,,,,,,,,,,,,,
HF2024_1006_22U3194,21-Oct-2024,11:06:02,1,-3.000000,,,0,5,,,,,,,,,,,,,,,15,5,28322,,,,29,31187,,,,16,11154,,,,18,23025,,,,27,4284,,,,,,,,,,,,,,,,,,,,,,,,,,,,,,,,,,,,,,,,,,,,,,,,,,,,,
HF2024_1006_22U3194,21-Oct-2024,12:04:34,1,-3.000000,,,0,5,,,,,,,,,,,,,,,15,27,17036,,,,26,14448,,,,16,31792,,,,18,25808,,,,7,18474,,,,,,,,,,,,,,,,,,,,,,,,,,,,,,,,,,,,,,,,,,,,,,,,,,,,,
HF2024_1006_22U3194,21-Oct-2024,17:05:31,2,-3.000000,,,0,5,,,,,,,,,,,,,,,15,32,11966,,,,3,22230,,,,17,21316,,,,2,15216,,,,28,9220,,,,,,,,,,,,,,,,,,,,,,,,,,,,,,,,,,,,,,,,,,,,,,,,,,,,,
HF2024_1006_22U3194,21-Oct-2024,19:08:42,1,-3.000000,,,0,6,,,,,,,,,,,,,,,15,31,20773,,,,3,30023,,,,6,30424,,,,28,17646,,,,4,12010,,,,25,9669,,,,,,,,,,,,,,,,,,,,,,,,,,,,,,,,,,,,,,,,,,,,,,,,
HF2024_1006_22U3194,22-Oct-2024,04:00:33,1,-3.000000,,,0,6,,,,,,,,,,,,,,,15,17,21582,,,,14,22322,,,,22,30,,,,32,31635,,,,19,26444,,,,10,7011,,,,,,,,,,,,,,,,,,,,,,,,,,,,,,,,,,,,,,,,,,,,,,,,
HF2024_1006_22U3194,26-Oct-2024,03:37:00,1,-3.000000,,,0,6,,,,,,,,,,,,,,,15,15,12698,,,,13,29934,,,,17,18469,,,,22,21971,,,,14,18454,,,,10,29741,,,,,,,,,,,,,,,,,,,,,,,,,,,,,,,,,,,,,,,,,,,,,,,,
HF2024_1006_22U3194,26-Oct-2024,07:04:18,2,-3.000000,,,0,4,,,,,,,,,,,,,,,15,32,13797,,,,12,19398,,,,29,4,,,,11,27049,,,,,,,,,,,,,,,,,,,,,,,,,,,,,,,,,,,,,,,,,,,,,,,,,,,,,,,,,,
HF2024_1006_22U3194,27-Oct-2024,13:03:42,2,-3.000000,,,0,4,,,,,,,,,,,,,,,15,10,19341,,,,27,28288,,,,16,17218,,,,8,8761,,,,,,,,,,,,,,,,,,,,,,,,,,,,,,,,,,,,,,,,,,,,,,,,,,,,,,,,,,
HF2024_1006_22U3194,27-Oct-2024,21:00:37,4,-3.000000,,,0,4,,,,,,,,,,,,,,,15,4,32709,,,,7,1727,,,,16,1428,,,,11,11850,,,,,,,,,,,,,,,,,,,,,,,,,,,,,,,,,,,,,,,,,,,,,,,,,,,,,,,,,,
HF2024_1006_22U3194,30-Oct-2024,05:46:12,2,-3.000000,,,0,7,,,,,,,,,,,,,,,15,24,12360,,,,12,3393,,,,11,11495,,,,25,14682,,,,29,5474,,,,32,7669,,,,28,1300,,,,,,,,,,,,,,,,,,,,,,,,,,,,,,,,,,,,,,,,,,,
HF2024_1006_22U3194,30-Oct-2024,06:27:57,4,-3.000000,,,0,6,,,,,,,,,,,,,,,15,11,15642,,,,12,11133,,,,28,6381,,,,31,11098,,,,29,4812,,,,6,27035,,,,,,,,,,,,,,,,,,,,,,,,,,,,,,,,,,,,,,,,,,,,,,,,
HF2024_1006_22U3194,31-Oct-2024,01:09:41,2,-3.000000,,,0,6,,,,,,,,,,,,,,,15,15,9210,,,,22,24364,,,,13,22181,,,,5,21672,,,,30,28024,,,,14,15663,,,,,,,,,,,,,,,,,,,,,,,,,,,,,,,,,,,,,,,,,,,,,,,,
HF2024_1006_22U3194,03-Nov-2024,08:17:42,2,-3.000000,,,0,5,,,,,,,,,,,,,,,15,25,10586,,,,18,15293,,,,5,30753,,,,20,30520,,,,11,4706,,,,,,,,,,,,,,,,,,,,,,,,,,,,,,,,,,,,,,,,,,,,,,,,,,,,,
HF2024_1006_22U3194,04-Nov-2024,07:04:02,3,-4.000000,,,0,6,,,,,,,,,,,,,,,15,25,3735,,,,11,1513,,,,29,19428,,,,12,10852,,,,28,930,,,,31,18641,,,,,,,,,,,,,,,,,,,,,,,,,,,,,,,,,,,,,,,,,,,,,,,,
HF2024_1006_22U3194,04-Nov-2024,11:34:34,1,-4.000000,,,0,4,,,,,,,,,,,,,,,15,18,13788,,,,27,20646,,,,23,25498,,,,15,31784,,,,,,,,,,,,,,,,,,,,,,,,,,,,,,,,,,,,,,,,,,,,,,,,,,,,,,,,,,
HF2024_1006_22U3194,04-Nov-2024,13:19:35,3,-4.000000,,,0,5,,,,,,,,,,,,,,,15,2,27696,,,,21,17615,,,,10,2598,,,,27,16400,,,,8,24876,,,,,,,,,,,,,,,,,,,,,,,,,,,,,,,,,,,,,,,,,,,,,,,,,,,,,
HF2024_1006_22U3194,04-Nov-2024,15:01:04,1,-4.000000,,,0,5,,,,,,,,,,,,,,,15,32,3784,,,,3,21422,,,,2,3655,,,,21,16154,,,,10,30360,,,,,,,,,,,,,,,,,,,,,,,,,,,,,,,,,,,,,,,,,,,,,,,,,,,,,
HF2024_1006_22U3194,05-Nov-2024,05:08:36,2,-4.000000,,,0,4,,,,,,,,,,,,,,,15,6,19150,,,,19,15810,,,,17,14303,,,,25,3594,,,,,,,,,,,,,,,,,,,,,,,,,,,,,,,,,,,,,,,,,,,,,,,,,,,,,,,,,,
HF2024_1006_22U3194,07-Nov-2024,12:03:47,1,-4.000000,,,0,4,,,,,,,,,,,,,,,15,23,31956,,,,16,27791,,,,8,24600,,,,30,12876,,,,,,,,,,,,,,,,,,,,,,,,,,,,,,,,,,,,,,,,,,,,,,,,,,,,,,,,,,
HF2024_1006_22U3194,08-Nov-2024,00:05:20,1,-4.000000,,,0,4,,,,,,,,,,,,,,,15,22,7814,,,,5,21876,,,,14,11477,,,,30,8643,,,,,,,,,,,,,,,,,,,,,,,,,,,,,,,,,,,,,,,,,,,,,,,,,,,,,,,,,,
HF2024_1006_22U3194,08-Nov-2024,03:06:57,2,-4.000000,,,0,4,,,,,,,,,,,,,,,15,12,12211,,,,24,4958,,,,15,1069,,,,19,17350,,,,,,,,,,,,,,,,,,,,,,,,,,,,,,,,,,,,,,,,,,,,,,,,,,,,,,,,,,
HF2024_1006_22U3194,11-Nov-2024,14:05:32,6,-4.000000,,,0,5,,,,,,,,,,,,,,,15,10,9130,,,,32,13302,,,,22,6334,,,,8,8445,,,,14,18270,,,,,,,,,,,,,,,,,,,,,,,,,,,,,,,,,,,,,,,,,,,,,,,,,,,,,
HF2024_1006_22U3194,13-Nov-2024,02:33:04,1,-4.000000,,,0,8,,,,,,,,,,,,,,,15,32,27494,,,,10,22084,,,,24,6791,,,,12,21226,,,,17,11892,,,,21,11027,,,,15,29082,,,,19,3465,,,,,,,,,,,,,,,,,,,,,,,,,,,,,,,,,,,,,,
HF2024_1006_22U3194,13-Nov-2024,08:00:48,9,-4.000000,,,0,6,,,,,,,,,,,,,,,15,18,14109,,,145,28,401,,,,31,3256,,,,26,1876,,,,16,2524,,,,4,4171,,,,,,,,,,,,,,,,,,,,,,,,,,,,,,,,,,,,,,,,,,,,,,,,
HF2024_1006_22U3194,13-Nov-2024,09:10:42,1,-4.000000,,,0,4,,,,,,,,,,,,,,,15,18,338,,,,26,15902,,,,16,3220,,,,27,12377,,,,,,,,,,,,,,,,,,,,,,,,,,,,,,,,,,,,,,,,,,,,,,,,,,,,,,,,,,
HF2024_1006_22U3194,14-Nov-2024,01:25:50,2,-4.000000,,,0,7,,,,,,,,,,,,,,,15,21,10908,,,,15,31440,,,,2,10106,,,,17,10846,,,,10,13602,,,,13,7573,,,,14,2150,,,,,,,,,,,,,,,,,,,,,,,,,,,,,,,,,,,,,,,,,,,
HF2024_1006_22U3194,14-Nov-2024,03:51:11,2,-4.000000,,,0,5,,,,,,,,,,,,,,,15,17,12226,,,,19,12364,,,,32,1141,,,,25,21997,,,,6,2450,,,,,,,,,,,,,,,,,,,,,,,,,,,,,,,,,,,,,,,,,,,,,,,,,,,,,
HF2024_1006_22U3194,14-Nov-2024,10:00:30,2,-4.000000,,,0,4,,,,,,,,,,,,,,,15,26,30493,,,,23,9894,,,,18,31321,,,,16,17870,,,,,,,,,,,,,,,,,,,,,,,,,,,,,,,,,,,,,,,,,,,,,,,,,,,,,,,,,,
HF2024_1006_22U3194,14-Nov-2024,16:53:07,1,-4.000000,,,0,6,,,,,,,,,,,,,,,15,17,20511,,,,19,13609,,,,12,30062,,,,28,29773,,,,3,13458,,,,4,13961,,,,,,,,,,,,,,,,,,,,,,,,,,,,,,,,,,,,,,,,,,,,,,,,
HF2024_1006_22U3194,14-Nov-2024,23:00:56,1,-4.000000,,,0,4,,,,,,,,,,,,,,,15,13,29712,,,,30,1453,,,,5,20593,,,,14,10140,,,,,,,,,,,,,,,,,,,,,,,,,,,,,,,,,,,,,,,,,,,,,,,,,,,,,,,,,,
HF2024_1006_22U3194,15-Nov-2024,00:12:59,2,-4.000000,,,0,6,,,,,,,,,,,,,,,15,23,10926,,,,15,16092,,,,18,13794,,,,24,6581,,,,5,21148,,,,30,12807,,,,,,,,,,,,,,,,,,,,,,,,,,,,,,,,,,,,,,,,,,,,,,,,
HF2024_1006_22U3194,15-Nov-2024,13:01:57,2,-4.000000,,,0,6,,,,,,,,,,,,,,,15,2,1752,,,,10,957,,,,21,12956,,,,14,23847,,,,8,9208,,,,22,13367,,,,,,,,,,,,,,,,,,,,,,,,,,,,,,,,,,,,,,,,,,,,,,,,
HF2024_1006_22U3194,15-Nov-2024,13:03:36,1,-4.000000,,,0,4,,,,,,,,,,,,,,,15,2,5913,,,,8,4822,,,,10,31138,,,,22,18155,,,,,,,,,,,,,,,,,,,,,,,,,,,,,,,,,,,,,,,,,,,,,,,,,,,,,,,,,,
HF2024_1006_22U3194,15-Nov-2024,16:44:50,6,-4.000000,,,0,4,,,,,,,,,,,,,,,15,4,7154,,,,2,6715,,,,3,24714,,,,19,19851,,,,,,,,,,,,,,,,,,,,,,,,,,,,,,,,,,,,,,,,,,,,,,,,,,,,,,,,,,
HF2024_1006_22U3194,15-Nov-2024,19:10:25,3,-4.000000,,,0,6,,,,,,,,,,,,,,,15,9,19250,,,,6,26860,,,,20,32133,,,,11,30998,,,,4,20724,,,,7,3731,,,,,,,,,,,,,,,,,,,,,,,,,,,,,,,,,,,,,,,,,,,,,,,,
HF2024_1006_22U3194,16-Nov-2024,06:01:24,3,-4.000000,,,0,8,,,,,,,,,,,,,,,15,29,16423,,,,31,4564,,,,6,20131,,,,11,11496,,,,25,23466,,,,12,7513,,,,32,29206,,,,28,12807,,,,,,,,,,,,,,,,,,,,,,,,,,,,,,,,,,,,,,
HF2024_1006_22U3194,16-Nov-2024,17:05:43,2,-4.000000,,,0,5,,,,,,,,,,,,,,,15,19,17819,,,,6,20720,,,,17,12851,,,,4,10296,,,,12,20520,,,,,,,,,,,,,,,,,,,,,,,,,,,,,,,,,,,,,,,,,,,,,,,,,,,,,
HF2024_1006_22U3194,16-Nov-2024,18:11:58,1,-4.000000,,,0,8,,,,,,,,,,,,,,,15,19,7578,,,,9,3007,,,,31,25076,,,,6,10798,,,,4,17040,,,,3,4279,,,,17,16240,,,,11,6181,,,,,,,,,,,,,,,,,,,,,,,,,,,,,,,,,,,,,,
HF2024_1006_22U3194,17-Nov-2024,07:04:48,1,-4.000000,,,0,4,,,,,,,,,,,,,,,15,11,14248,,,,20,1942,,,,25,11528,,,,29,9615,,,,,,,,,,,,,,,,,,,,,,,,,,,,,,,,,,,,,,,,,,,,,,,,,,,,,,,,,,
HF2024_1006_22U3194,17-Nov-2024,15:11:59,2,-4.000000,,,0,6,,,,,,,,,,,,,,,15,32,20126,,,,2,16567,,,,17,11122,,,,28,24452,,,,21,4914,,,,3,7705,,,,,,,,,,,,,,,,,,,,,,,,,,,,,,,,,,,,,,,,,,,,,,,,
HF2024_1006_22U3194,18-Nov-2024,14:40:55,1,-4.000000,,,0,4,,,,,,,,,,,,,,,15,14,12968,,,,17,21880,,,,32,27149,,,,3,14948,,,,,,,,,,,,,,,,,,,,,,,,,,,,,,,,,,,,,,,,,,,,,,,,,,,,,,,,,,
HF2024_1006_22U3194,18-Nov-2024,17:06:37,2,-4.000000,,,0,7,,,,,,,,,,,,,,,15,4,12753,,,,2,23390,,,,3,25319,,,,28,29828,,,,9,3812,,,,19,11743,,,,31,14744,,,,,,,,,,,,,,,,,,,,,,,,,,,,,,,,,,,,,,,,,,,
HF2024_1006_22U3194,19-Nov-2024,02:02:14,1,-4.000000,,,0,7,,,,,,,,,,,,,,,15,10,23401,,,,32,27253,,,,22,20456,,,,2,14738,,,,14,15594,,,,21,18789,,,,17,19918,,,,,,,,,,,,,,,,,,,,,,,,,,,,,,,,,,,,,,,,,,,
HF2024_1006_22U3194,20-Nov-2024,03:11:50,1,-4.000000,,,0,4,,,,,,,,,,,,,,,15,17,17337,,,,19,20456,,,,25,17752,,,,32,27778,,,,,,,,,,,,,,,,,,,,,,,,,,,,,,,,,,,,,,,,,,,,,,,,,,,,,,,,,,
HF2024_1006_22U3194,20-Nov-2024,06:14:49,15,-4.000000,,,0,5,,,,,,,,,,,,,,,15,29,1880,,,,12,22987,,,,25,2358,,,,20,26614,,,,4,29820,,,,,,,,,,,,,,,,,,,,,,,,,,,,,,,,,,,,,,,,,,,,,,,,,,,,,
HF2024_1006_22U3194,20-Nov-2024,11:24:21,1,-4.000000,,,0,6,,,,,,,,,,,,,,,15,8,4479,,,,15,16909,,,,27,4716,,,,10,8135,,,,13,9510,,,,16,21297,,,,,,,,,,,,,,,,,,,,,,,,,,,,,,,,,,,,,,,,,,,,,,,,
HF2024_1006_22U3194,21-Nov-2024,06:39:42,4,-4.000000,,,0,7,,,,,,,,,,,,,,,15,11,2299,,,,29,3107,,,,25,3773,,,,18,28066,,,,31,25170,,,,20,12129,,,,9,11520,,,,,,,,,,,,,,,,,,,,,,,,,,,,,,,,,,,,,,,,,,,
HF2024_1006_22U3194,21-Nov-2024,13:03:19,1,-4.000000,,,0,5,,,,,,,,,,,,,,,15,2,22544,,,,8,24316,,,,21,21587,,,,10,10296,,,,32,28578,,,,,,,,,,,,,,,,,,,,,,,,,,,,,,,,,,,,,,,,,,,,,,,,,,,,,
HF2024_1006_22U3194,21-Nov-2024,17:15:54,4,-4.000000,,,0,7,,,,,,,,,,,,,,,15,9,5706,,,,17,21481,,,,19,19898,,,,3,17217,,,,6,28924,,,,4,5417,,,,31,15988,,,,,,,,,,,,,,,,,,,,,,,,,,,,,,,,,,,,,,,,,,,
HF2024_1006_22U3194,21-Nov-2024,21:05:18,6,-4.000000,,,0,6,,,,,,,,,,,,,,,15,5,31939,,,,20,19499,,,,30,17048,,,,18,25692,,,,13,2726,,,,29,31489,,,,,,,,,,,,,,,,,,,,,,,,,,,,,,,,,,,,,,,,,,,,,,,,
HF2024_1006_22U3194,21-Nov-2024,22:50:53,4,-4.000000,,,0,7,,,,,,,,,,,,,,,15,14,7273,,,,22,15737,,,,20,19124,,,,30,1201,,,,7,1322,,,,13,16193,,,,8,12106,,,,,,,,,,,,,,,,,,,,,,,,,,,,,,,,,,,,,,,,,,,
HF2024_1006_22U3194,21-Nov-2024,23:00:01,3,-4.000000,,,0,8,,,,,,,,,,,,,,,15,7,19877,,,,22,5966,,,,14,20174,,,,30,32209,,,,20,29238,,,,5,21121,,,,13,6922,,,,27,18129,,,,,,,,,,,,,,,,,,,,,,,,,,,,,,,,,,,,,,
HF2024_1006_22U3194,22-Nov-2024,00:57:46,2,-4.000000,,,0,8,,,,,,,,,,,,,,,15,17,8262,,,,14,9402,,,,22,12194,,,,19,9106,,,,2,9298,,,,21,4375,,,,10,16148,,,,13,5101,,,,,,,,,,,,,,,,,,,,,,,,,,,,,,,,,,,,,,
