DeployID,Ptt,DepthSensor,Instr,SW,RTC,Received,Time Offset,LocationQuality,Latitude,Longitude,Type,HauledOut,BrokenThermistor,BrokenLink,Transmits,BattVoltage,TransmitVoltage,TransmitCurrent,Temperature,Depth,MaxDepth,ZeroDepthOffset,LightLevel,NoDawnDusk,ReleaseType,ReleaseTime,InitiallyBroken,BurnMinutes,ReleaseDepth,FastGPSPower,TWICPower,PowerLimit,WetDry,MinWetDry,MaxWetDry,WetDryThreshold,StatusWord,TransmitPower,Resets,PreReleaseTilt,PreReleaseTiltSd,PreReleaseTiltCount,XmitQueue,FastGPSLocNumber,FastGPSFailures,BattDiscon,Tilt,S11,ReleaseWetDry,ReleaseTemperature,MaxDepth,LLRangeToday,DeployStart,FirstPostReleaseTX,upright,SWBuild
J612,264751,0.500000,UT,,,12:11:13 10-May-2024,,2,37.1033,-122.3368,,,,,,,,,,,,,513,,,,,,,,,,,,,,,,,,,,,,,0,,,,,,,10:00:00 10-May-2024,,,
J612,264751,0.500000,UT,1.00a,,12:12:45 10-May-2024,,2,37.1033,-122.3368,,0,,,,,,,,,,,,,,,,,,,,,,,,,,,,,,,,,,0,,,,,,,10:00:00 10-May-2024,,,
J612,264751,0.500000,UT,,,12:15:04 10-May-2024,,2,37.1033,-122.3368,,,,,,,,,,,,,514,,,,,,,,,,,,,,,,,,,,,,,0,,,,,,,10:00:00 10-May-2024,,,
J612,264751,0.500000,UT,,,12:15:50 10-May-2024,,2,37.1033,-122.3368,,,,,,,,,11.80,,,,,,,,,,,,,,,,,,,,,,,,,,,0,,,,,,,10:00:00 10-May-2024,,,
J612,264751,0.500000,UT,,,12:49:40 10-May-2024,,B,37.1099,-122.3298,,,,,,,,,12.65,,,,,,,,,,,,,,,,,,,,,,,,,,,0,,,,,,,10:00:00 10-May-2024,,,
J612,264751,0.500000,UT,1.00a,,12:50:26 10-May-2024,,B,37.1099,-122.3298,,0,,,,,,,,,,,,,,,,,,,,,,,,,,,,,,,,,,0,,,,,,,10:00:00 10-May-2024,,,
J612,264751,0.500000,UT,,,12:57:35 10-May-2024,,3,37.1131,-122.3317,,,,,117,,,,,,,,,,,,,,,,,,,,,,,,,,,,,,,0,,,,,,,10:00:00 10-May-2024,,,
J612,264751,0.500000,UT,,,12:58:21 10-May-2024,,3,37.1131,-122.3317,,,,,,,,,,,,,676,,,,,,,,,,,,,,,,,,,,,,,0,,,,,,,10:00:00 10-May-2024,,,
J612,264751,0.500000,UT,,,12:59:07 10-May-2024,,3,37.1131,-122.3317,,,,,,,,,11.70,,,,,,,,,,,,,,,,,,,,,,,,,,,0,,,,,,,10:00:00 10-May-2024,,,
J612,264751,0.500000,UT,1.00a,,12:59:53 10-May-2024,,3,37.1131,-122.3317,,0,,,,,,,,,,,,,,,,,,,,,,,,,,,,,,,,,,0,,,,,,,10:00:00 10-May-2024,,,
J612,264751,0.500000,UT,,,13:00:40 10-May-2024,,3,37.1131,-122.3317,,,,,,,,,,,,,,,,,,,,,,,,,,,,,,,,,,,,0,,,,,,,10:00:00 10-May-2024,,,3126
J612,264751,0.500000,UT,,,13:01:26 10-May-2024,,3,37.1131,-122.3317,,,,,122,,,,,,,,,,,,,,,,,,,,,,,,,,,,,,,0,,,,,,,10:00:00 10-May-2024,,,
J612,264751,0.500000,UT,,,13:02:12 10-May-2024,,3,37.1131,-122.3317,,,,,,,,,,,,,693,,,,,,,,,,,,,,,,,,,,,,,0,,,,,,,10:00:00 10-May-2024,,,
J612,264751,0.500000,UT,,,13:02:58 10-May-2024,,3,37.1131,-122.3317,,,,,,,,,11.65,,,,,,,,,,,,,,,,,,,,,,,,,,,0,,,,,,,10:00:00 10-May-2024,,,
J612,264751,0.500000,UT,,,13:50:55 10-May-2024,,A,37.1157,-122.3225,,,,,,,,,,,,,792,,,,,,,,,,,,,,,,,,,,,,,0,,,,,,,10:00:00 10-May-2024,,,
J612,264751,0.500000,UT,,13:52:25 10-May-2024,13:52:27 10-May-2024,2,A,37.1157,-122.3225,CRC,,,,152,3.200,,,11.65,1.0,,,219,,,,,,,,,,255,255,,0,,,,,,,0,,,0,96,,,,,,10:00:00 10-May-2024,,,
J612,264751,0.500000,UT,,,13:57:04 10-May-2024,,A,37.1157,-122.3225,,,,,154,,,,,,,,,,,,,,,,,,,,,,,,,,,,,,,0,,,,,,,10:00:00 10-May-2024,,,
J612,264751,0.500000,UT,,,14:25:43 10-May-2024,,B,37.1173,-122.3196,,,,,,,,,,,,,863,,,,,,,,,,,,,,,,,,,,,,,0,,,,,,,10:00:00 10-May-2024,,,
J612,264751,0.500000,UT,,,14:33:34 10-May-2024,,3,37.1095,-122.3284,,,,,169,,,,,,,,,,,,,,,,,,,,,,,,,,,,,,,0,,,,,,,10:00:00 10-May-2024,,,
J612,264751,0.500000,UT,,,14:37:24 10-May-2024,,3,37.1095,-122.3284,,,,,,,,,,,,,769,,,,,,,,,,,,,,,,,,,,,,,0,,,,,,,10:00:00 10-May-2024,,,
J612,264751,0.500000,UT,,,14:38:10 10-May-2024,,3,37.1095,-122.3284,,,,,,,,,11.85,,,,,,,,,,,,,,,,,,,,,,,,,,,0,,,,,,,10:00:00 10-May-2024,,,
J612,264751,0.500000,UT,1.00a,,14:39:42 10-May-2024,,3,37.1095,-122.3284,,0,,,,,,,,,,,,,,,,,,,,,,,,,,,,,,,,,,0,,,,,,,10:00:00 10-May-2024,,,
J612,264751,0.500000,UT,,,14:41:15 10-May-2024,,3,37.1095,-122.3284,,,,,,,,,,,,,,,,,,,,,,,,,,,,,,,,,,,,0,,,,,,,10:00:00 10-May-2024,,,3126
J612,264751,0.500000,UT,,,14:42:54 10-May-2024,,3,37.1095,-122.3284,,,,,174,,,,,,,,,,,,,,,,,,,,,,,,,,,,,,,0,,,,,,,10:00:00 10-May-2024,,,
J612,264751,0.500000,UT,,,14:43:48 10-May-2024,,3,37.1095,-122.3284,,,,,,,,,,,,,763,,,,,,,,,,,,,,,,,,,,,,,0,,,,,,,10:00:00 10-May-2024,,,
J612,264751,0.500000,UT,,,16:00:42 10-May-2024,,2,37.1150,-122.3378,,,,,216,,,,,,,,,,,,,,,,,,,,,,,,,,,,,,,0,,,,,,,10:00:00 10-May-2024,,,
J612,264751,0.500000,UT,,,16:02:14 10-May-2024,,2,37.1150,-122.3378,,,,,,,,,21.35,,,,,,,,,,,,,,,,,,,,,,,,,,,0,,,,,,,10:00:00 10-May-2024,,,
J612,264751,0.500000,UT,,,16:04:32 10-May-2024,,2,37.1150,-122.3378,,,,,221,,,,,,,,,,,,,,,,,,,,,,,,,,,,,,,0,,,,,,,10:00:00 10-May-2024,,,
J612,264751,0.500000,UT,,,16:05:18 10-May-2024,,2,37.1150,-122.3378,,,,,,,,,,,,,784,,,,,,,,,,,,,,,,,,,,,,,0,,,,,,,10:00:00 10-May-2024,,,
J612,264751,0.500000,UT,,,16:06:04 10-May-2024,,2,37.1150,-122.3378,,,,,,,,,19.45,,,,,,,,,,,,,,,,,,,,,,,,,,,0,,,,,,,10:00:00 10-May-2024,,,
J612,264751,0.500000,UT,,,16:07:37 10-May-2024,,2,37.1150,-122.3378,,,,,,,,,,,,,,,,,,,,,,,,,,,,,,,,,,,,0,,,,,,,10:00:00 10-May-2024,,,3126
J612,264751,0.500000,UT,1.00a,,16:11:27 10-May-2024,,2,37.1150,-122.3378,,0,,,,,,,,,,,,,,,,,,,,,,,,,,,,,,,,,,0,,,,,,,10:00:00 10-May-2024,,,
J612,264751,0.500000,UT,,,11:47:49 17-May-2024,,B,36.9162,-122.2753,,,,,,,,,13.20,,,,,,,,,,,,,,,,,,,,,,,,,,,0,,,,,,,10:00:00 10-May-2024,,,
J612,264751,0.500000,UT,1.00a,,11:52:51 17-May-2024,,B,36.9162,-122.2753,,0,,,,,,,,,,,,,,,,,,,,,,,,,,,,,,,,,,0,,,,,,,10:00:00 10-May-2024,,,
J612,264751,0.500000,UT,,,13:07:01 17-May-2024,,B,37.0732,-122.3008,,,,,,,,,12.40,,,,,,,,,,,,,,,,,,,,,,,,,,,0,,,,,,,10:00:00 10-May-2024,,,
J612,264751,0.500000,UT,1.00a,,13:07:47 17-May-2024,,A,37.1074,-122.3176,,0,,,,,,,,,,,,,,,,,,,,,,,,,,,,,,,,,,0,,,,,,,10:00:00 10-May-2024,,,
J612,264751,0.500000,UT,,,13:13:55 17-May-2024,,B,37.0732,-122.3008,,,,,,,,,,,,,,,,,,,,,,,,,,,,,,,,,,,,0,,,,,,,10:00:00 10-May-2024,,,3126
J612,264751,0.500000,UT,,,13:28:30 17-May-2024,,0,37.1121,-122.3183,,,,,,,,,,,,,761,,,,,,,,,,,,,,,,,,,,,,,0,,,,,,,10:00:00 10-May-2024,,,
J612,264751,0.500000,UT,,,13:34:38 17-May-2024,,0,37.1121,-122.3183,,,,,,,,,,,,,,,,,,,,,,,,,,,,,,,,,,,,0,,,,,,,10:00:00 10-May-2024,,,3126
J612,264751,0.500000,UT,,,13:35:24 17-May-2024,,0,37.1121,-122.3183,,,,,487,,,,,,,,,,,,,,,,,,,,,,,,,,,,,,,0,,,,,,,10:00:00 10-May-2024,,,
J612,264751,0.500000,UT,1.00a,,08:55:57 24-May-2024,,B,38.3446,-126.7881,,0,,,,,,,,,,,,,,,,,,,,,,,,,,,,,,,,,,0,,,,,,,10:00:00 10-May-2024,,,
J612,264751,0.500000,UT,,,08:56:43 24-May-2024,,B,38.3446,-126.7881,,,,,,,,,,,,,,,,,,,,,,,,,,,,,,,,,,,,0,,,,,,,10:00:00 10-May-2024,,,3126
J612,264751,0.500000,UT,,,13:18:21 24-May-2024,,B,38.4949,-126.6255,,,,,,,,,,,,,,,,,,,,,,,,,,,,,,,,,,,,0,,,,,,,10:00:00 10-May-2024,,,3126
J612,264751,0.500000,UT,,,13:32:45 24-May-2024,,B,38.6675,-125.5644,,,,,634,,,,,,,,,,,,,,,,,,,,,,,,,,,,,,,0,,,,,,,10:00:00 10-May-2024,,,
J612,264751,0.500000,UT,,,13:33:31 24-May-2024,,B,38.6675,-125.5644,,,,,,,,,,,,,735,,,,,,,,,,,,,,,,,,,,,,,0,,,,,,,10:00:00 10-May-2024,,,
J612,264751,0.500000,UT,,,14:53:12 24-May-2024,,B,38.8234,-125.4267,,,,,,,,,13.40,,,,,,,,,,,,,,,,,,,,,,,,,,,0,,,,,,,10:00:00 10-May-2024,,,
J612,264751,0.500000,UT,,,16:48:46 24-May-2024,,B,39.0934,-125.3495,,,,,,,,,,,,,,,,,,,,,,,,,,,,,,,,,,,,0,,,,,,,10:00:00 10-May-2024,,,3126
J612,264751,0.500000,UT,,,17:28:25 24-May-2024,,B,39.2116,-125.3089,,,,,,,,,,,,,819,,,,,,,,,,,,,,,,,,,,,,,0,,,,,,,10:00:00 10-May-2024,,,
J612,264751,0.500000,UT,,,17:56:31 24-May-2024,,B,39.2662,-125.2768,,,,,,,,,,,,,,,,,,,,,,,,,,,,,,,,,,,,0,,,,,,,10:00:00 10-May-2024,,,3126
J612,264751,0.500000,UT,1.00a,,19:13:54 24-May-2024,,B,39.2386,-125.2380,,0,,,,,,,,,,,,,,,,,,,,,,,,,,,,,,,,,,0,,,,,,,10:00:00 10-May-2024,,,
J612,264751,0.500000,UT,,,19:14:40 24-May-2024,,B,39.2386,-125.2380,,,,,,,,,,,,,,,,,,,,,,,,,,,,,,,,,,,,0,,,,,,,10:00:00 10-May-2024,,,3126
J612,264751,0.500000,UT,,,19:27:02 24-May-2024,,B,39.2909,-125.1472,,,,,694,,,,,,,,,,,,,,,,,,,,,,,,,,,,,,,0,,,,,,,10:00:00 10-May-2024,,,
J612,264751,0.500000,UT,,,19:27:48 24-May-2024,,B,39.2909,-125.1472,,,,,,,,,,,,,845,,,,,,,,,,,,,,,,,,,,,,,0,,,,,,,10:00:00 10-May-2024,,,
J612,264751,0.500000,UT,,,20:55:23 24-May-2024,,B,39.4154,-125.1023,,,,,707,,,,,,,,,,,,,,,,,,,,,,,,,,,,,,,0,,,,,,,10:00:00 10-May-2024,,,
J612,264751,0.500000,UT,,,00:35:50 25-May-2024,,B,39.2830,-125.1372,,,,,,,,,,,,,859,,,,,,,,,,,,,,,,,,,,,,,0,,,,,,,10:00:00 10-May-2024,,,
J612,264751,0.500000,UT,,,02:17:09 25-May-2024,,B,39.4726,-125.0963,,,,,761,,,,,,,,,,,,,,,,,,,,,,,,,,,,,,,0,,,,,,,10:00:00 10-May-2024,,,
J612,264751,0.500000,UT,1.00a,,03:02:27 25-May-2024,,B,39.3859,-125.1066,,0,,,,,,,,,,,,,,,,,,,,,,,,,,,,,,,,,,0,,,,,,,10:00:00 10-May-2024,,,
J612,264751,0.500000,UT,,,03:46:06 25-May-2024,,B,39.4203,-125.0898,,,,,773,,,,,,,,,,,,,,,,,,,,,,,,,,,,,,,0,,,,,,,10:00:00 10-May-2024,,,
J612,264751,0.500000,UT,,,04:00:15 25-May-2024,,B,39.4255,-125.0850,,,,,,,,,13.00,,,,,,,,,,,,,,,,,,,,,,,,,,,0,,,,,,,10:00:00 10-May-2024,,,
J612,264751,0.500000,UT,,04:01:43 25-May-2024,04:01:45 25-May-2024,2,B,39.4012,-125.0211,CRC,,,,777,3.200,,,13.05,2.0,,,142,,,,,,,,,,135,17,,0,,,,,,,0,,,0,47,,,,,,10:00:00 10-May-2024,,,
J612,264751,0.500000,UT,1.00a,,04:02:31 25-May-2024,,B,39.4255,-125.0850,,0,,,,,,,,,,,,,,,,,,,,,,,,,,,,,,,,,,0,,,,,,,10:00:00 10-May-2024,,,
J612,264751,0.500000,UT,,,04:49:23 25-May-2024,,B,39.4185,-125.0411,,,,,,,,,,,,,418,,,,,,,,,,,,,,,,,,,,,,,0,,,,,,,10:00:00 10-May-2024,,,
J612,264751,0.500000,UT,,,05:00:31 25-May-2024,,B,39.4078,-125.0517,,,,,,,,,13.00,,,,,,,,,,,,,,,,,,,,,,,,,,,0,,,,,,,10:00:00 10-May-2024,,,
J612,264751,0.500000,UT,1.00a,,05:28:28 25-May-2024,,B,39.4105,-125.0648,,0,,,,,,,,,,,,,,,,,,,,,,,,,,,,,,,,,,0,,,,,,,10:00:00 10-May-2024,,,
J612,264751,0.500000,UT,,,05:41:13 25-May-2024,,B,39.4292,-125.0647,,,,,794,,,,,,,,,,,,,,,,,,,,,,,,,,,,,,,0,,,,,,,10:00:00 10-May-2024,,,
J612,264751,0.500000,UT,,,06:28:22 25-May-2024,,B,39.4659,-125.0707,,,,,,,,,,,,,,,,,,,,,,,,,,,,,,,,,,,,0,,,,,,,10:00:00 10-May-2024,,,3126
J612,264751,0.500000,UT,,,06:29:08 25-May-2024,,B,39.4659,-125.0707,,,,,800,,,,,,,,,,,,,,,,,,,,,,,,,,,,,,,0,,,,,,,10:00:00 10-May-2024,,,
J612,264751,0.500000,UT,,,06:41:37 25-May-2024,,B,39.4474,-125.0724,,,,,,,,,,,,,371,,,,,,,,,,,,,,,,,,,,,,,0,,,,,,,10:00:00 10-May-2024,,,
J612,264751,0.500000,UT,,,07:04:07 25-May-2024,,B,39.4479,-125.0844,,,,,,,,,,,,,,,,,,,,,,,,,,,,,,,,,,,,0,,,,,,,10:00:00 10-May-2024,,,3126
J612,264751,0.500000,UT,,,07:04:54 25-May-2024,,B,39.4479,-125.0844,,,,,807,,,,,,,,,,,,,,,,,,,,,,,,,,,,,,,0,,,,,,,10:00:00 10-May-2024,,,
J612,264751,0.500000,UT,,,08:09:38 25-May-2024,,1,39.4794,-125.1021,,,,,,,,,,,,,490,,,,,,,,,,,,,,,,,,,,,,,0,,,,,,,10:00:00 10-May-2024,,,
J612,264751,0.500000,UT,,,08:10:25 25-May-2024,,1,39.4794,-125.1021,,,,,,,,,12.90,,,,,,,,,,,,,,,,,,,,,,,,,,,0,,,,,,,10:00:00 10-May-2024,,,
J612,264751,0.500000,UT,1.00a,,08:19:47 25-May-2024,,1,39.4794,-125.1021,,0,,,,,,,,,,,,,,,,,,,,,,,,,,,,,,,,,,0,,,,,,,10:00:00 10-May-2024,,,
J612,264751,0.500000,UT,,,08:20:33 25-May-2024,,1,39.4794,-125.1021,,,,,,,,,,,,,,,,,,,,,,,,,,,,,,,,,,,,0,,,,,,,10:00:00 10-May-2024,,,3126
J612,264751,0.500000,UT,,,07:05:35 31-May-2024,,B,40.7411,-126.0190,,,,,,,,,,,,,,,,,,,,,,,,,,,,,,,,,,,,0,,,,,,,10:00:00 10-May-2024,,,3126
J612,264751,0.500000,UT,,,07:06:22 31-May-2024,,B,40.9179,-125.9271,,,,,919,,,,,,,,,,,,,,,,,,,,,,,,,,,,,,,0,,,,,,,10:00:00 10-May-2024,,,
J612,264751,0.500000,UT,1.00a,,08:39:13 31-May-2024,,B,40.9251,-125.9861,,0,,,,,,,,,,,,,,,,,,,,,,,,,,,,,,,,,,0,,,,,,,10:00:00 10-May-2024,,,
J612,264751,0.500000,UT,,,08:39:59 31-May-2024,,B,40.9251,-125.9861,,,,,,,,,,,,,,,,,,,,,,,,,,,,,,,,,,,,0,,,,,,,10:00:00 10-May-2024,,,3126
J612,264751,0.500000,UT,1.00a,,12:53:17 31-May-2024,,B,40.9205,-126.0387,,0,,,,,,,,,,,,,,,,,,,,,,,,,,,,,,,,,,0,,,,,,,10:00:00 10-May-2024,,,
J612,264751,0.500000,UT,,,15:22:07 31-May-2024,,B,40.9929,-125.9928,,,,,,,,,,,,,885,,,,,,,,,,,,,,,,,,,,,,,0,,,,,,,10:00:00 10-May-2024,,,
J612,264751,0.500000,UT,1.00a,,19:32:30 31-May-2024,,B,41.1021,-125.9853,,0,,,,,,,,,,,,,,,,,,,,,,,,,,,,,,,,,,0,,,,,,,10:00:00 10-May-2024,,,
J612,264751,0.500000,UT,1.00a,,21:03:23 31-May-2024,,B,41.0963,-126.0027,,0,,,,,,,,,,,,,,,,,,,,,,,,,,,,,,,,,,0,,,,,,,10:00:00 10-May-2024,,,
J612,264751,0.500000,UT,1.00a,,22:19:15 31-May-2024,,B,41.1231,-126.0397,,0,,,,,,,,,,,,,,,,,,,,,,,,,,,,,,,,,,0,,,,,,,10:00:00 10-May-2024,,,
J612,264751,0.500000,UT,,,22:20:01 31-May-2024,,B,41.1231,-126.0397,,,,,,,,,,,,,,,,,,,,,,,,,,,,,,,,,,,,0,,,,,,,10:00:00 10-May-2024,,,3126
J612,264751,0.500000,UT,,,00:48:09 01-Jun-2024,,B,41.1838,-126.1424,,,,,,,,,,,,,,,,,,,,,,,,,,,,,,,,,,,,0,,,,,,,10:00:00 10-May-2024,,,3126
J612,264751,0.500000,UT,,,00:48:55 01-Jun-2024,,B,41.1838,-126.1424,,,,,1087,,,,,,,,,,,,,,,,,,,,,,,,,,,,,,,0,,,,,,,10:00:00 10-May-2024,,,
J612,264751,0.500000,UT,,,00:58:15 01-Jun-2024,,B,41.1861,-126.1504,,,,,,,,,,,,,860,,,,,,,,,,,,,,,,,,,,,,,0,,,,,,,10:00:00 10-May-2024,,,
J612,264751,0.500000,UT,,,02:23:49 01-Jun-2024,,B,41.2606,-126.1139,,,,,,,,,,,,,,,,,,,,,,,,,,,,,,,,,,,,0,,,,,,,10:00:00 10-May-2024,,,3126
J612,264751,0.500000,UT,,,02:24:35 01-Jun-2024,,B,41.2606,-126.1139,,,,,1103,,,,,,,,,,,,,,,,,,,,,,,,,,,,,,,0,,,,,,,10:00:00 10-May-2024,,,
J612,264751,0.500000,UT,,,04:21:32 01-Jun-2024,,B,41.3295,-126.1310,,,,,,,,,,,,,,,,,,,,,,,,,,,,,,,,,,,,0,,,,,,,10:00:00 10-May-2024,,,3126
J612,264751,0.500000,UT,,,04:57:52 01-Jun-2024,,B,41.3537,-126.1558,,,,,,,,,,,,,,,,,,,,,,,,,,,,,,,,,,,,0,,,,,,,10:00:00 10-May-2024,,,3126
J612,264751,0.500000,UT,,,04:58:38 01-Jun-2024,,B,41.3537,-126.1558,,,,,1125,,,,,,,,,,,,,,,,,,,,,,,,,,,,,,,0,,,,,,,10:00:00 10-May-2024,,,
J612,264751,0.500000,UT,,05:10:00 01-Jun-2024,05:10:02 01-Jun-2024,2,B,41.3519,-126.1414,CRC,,,,1127,3.225,,,13.35,2.5,,,122,,,,,,,,,,193,17,,0,,,,,,,0,,,0,40,,,,,,10:00:00 10-May-2024,,,
J612,264751,0.500000,UT,,,05:10:48 01-Jun-2024,,B,41.3519,-126.1414,,,,,,,,,,,,,451,,,,,,,,,,,,,,,,,,,,,,,0,,,,,,,10:00:00 10-May-2024,,,
J612,264751,0.500000,UT,,,05:49:08 01-Jun-2024,,B,41.3692,-126.1568,,,,,,,,,,,,,486,,,,,,,,,,,,,,,,,,,,,,,0,,,,,,,10:00:00 10-May-2024,,,
J612,264751,0.500000,UT,,,05:49:54 01-Jun-2024,,B,41.3692,-126.1568,,,,,,,,,13.35,,,,,,,,,,,,,,,,,,,,,,,,,,,0,,,,,,,10:00:00 10-May-2024,,,
J612,264751,0.500000,UT,,,06:57:59 01-Jun-2024,,B,41.4058,-126.1792,,,,,,,,,,,,,476,,,,,,,,,,,,,,,,,,,,,,,0,,,,,,,10:00:00 10-May-2024,,,
J612,264751,0.500000,UT,1.00a,,07:52:22 01-Jun-2024,,A,41.4006,-126.2257,,0,,,,,,,,,,,,,,,,,,,,,,,,,,,,,,,,,,0,,,,,,,10:00:00 10-May-2024,,,
J612,264751,0.500000,UT,,,07:53:08 01-Jun-2024,,A,41.4006,-126.2257,,,,,,,,,,,,,,,,,,,,,,,,,,,,,,,,,,,,0,,,,,,,10:00:00 10-May-2024,,,3126
J612,264751,0.500000,UT,,,07:53:54 01-Jun-2024,,A,41.4006,-126.2257,,,,,1154,,,,,,,,,,,,,,,,,,,,,,,,,,,,,,,0,,,,,,,10:00:00 10-May-2024,,,
J612,264751,0.500000,UT,,,07:17:51 07-Jun-2024,,,,,,,,,,,,,,,,,,,,,,,,,,,,,,,,,,,,,,,,0,,,,,,,10:00:00 10-May-2024,,,3126
J612,264751,0.500000,UT,,,08:21:28 07-Jun-2024,,,,,,,,,,,,,14.45,,,,,,,,,,,,,,,,,,,,,,,,,,,0,,,,,,,10:00:00 10-May-2024,,,
J612,264751,0.500000,UT,,,14:03:18 07-Jun-2024,,,,,,,,,1342,,,,,,,,,,,,,,,,,,,,,,,,,,,,,,,0,,,,,,,10:00:00 10-May-2024,,,
J612,264751,0.500000,UT,,,20:18:59 07-Jun-2024,,B,40.4842,-107.4698,,,,,,,,,14.35,,,,,,,,,,,,,,,,,,,,,,,,,,,0,,,,,,,10:00:00 10-May-2024,,,
J612,264751,0.500000,UT,,20:19:44 07-Jun-2024,20:19:46 07-Jun-2024,2,B,40.4842,-107.4698,CRC,,,,1402,3.225,,,14.30,2.0,,,208,,,,,,,,,,228,17,,0,,,,,,,0,,,0,83,,,,,,10:00:00 10-May-2024,,,
J612,264751,0.500000,UT,1.00a,,22:00:06 07-Jun-2024,,B,44.0424,-126.4086,,0,,,,,,,,,,,,,,,,,,,,,,,,,,,,,,,,,,0,,,,,,,10:00:00 10-May-2024,,,
J612,264751,0.500000,UT,,,01:00:13 08-Jun-2024,,B,44.0741,-126.4218,,,,,1447,,,,,,,,,,,,,,,,,,,,,,,,,,,,,,,0,,,,,,,10:00:00 10-May-2024,,,
J612,264751,0.500000,UT,,,03:57:17 08-Jun-2024,,A,44.1864,-126.3906,,,,,,,,,14.50,,,,,,,,,,,,,,,,,,,,,,,,,,,0,,,,,,,10:00:00 10-May-2024,,,
J612,264751,0.500000,UT,1.00a,,03:58:03 08-Jun-2024,,A,44.1864,-126.3906,,0,,,,,,,,,,,,,,,,,,,,,,,,,,,,,,,,,,0,,,,,,,10:00:00 10-May-2024,,,
J612,264751,0.500000,UT,,,03:58:50 08-Jun-2024,,A,44.1864,-126.3906,,,,,,,,,,,,,,,,,,,,,,,,,,,,,,,,,,,,0,,,,,,,10:00:00 10-May-2024,,,3126
J612,264751,0.500000,UT,,,04:12:51 08-Jun-2024,,B,44.1920,-126.4122,,,,,,,,,,,,,597,,,,,,,,,,,,,,,,,,,,,,,0,,,,,,,10:00:00 10-May-2024,,,
J612,264751,0.500000,UT,,,04:13:37 08-Jun-2024,,B,44.1920,-126.4122,,,,,,,,,14.45,,,,,,,,,,,,,,,,,,,,,,,,,,,0,,,,,,,10:00:00 10-May-2024,,,
J612,264751,0.500000,UT,1.00a,,04:41:39 08-Jun-2024,,B,44.2071,-126.4105,,0,,,,,,,,,,,,,,,,,,,,,,,,,,,,,,,,,,0,,,,,,,10:00:00 10-May-2024,,,
J612,264751,0.500000,UT,,,05:52:46 14-Jun-2024,,,,,,,,,1597,,,,,,,,,,,,,,,,,,,,,,,,,,,,,,,0,,,,,,,10:00:00 10-May-2024,,,
J612,264751,0.500000,UT,,,06:27:23 14-Jun-2024,,,,,,,,,1603,,,,,,,,,,,,,,,,,,,,,,,,,,,,,,,0,,,,,,,10:00:00 10-May-2024,,,
J612,264751,0.500000,UT,1.00a,,07:27:30 14-Jun-2024,,A,46.1587,-126.6253,,0,,,,,,,,,,,,,,,,,,,,,,,,,,,,,,,,,,0,,,,,,,10:00:00 10-May-2024,,,
J612,264751,0.500000,UT,,,07:28:17 14-Jun-2024,,A,46.1587,-126.6253,,,,,,,,,,,,,,,,,,,,,,,,,,,,,,,,,,,,0,,,,,,,10:00:00 10-May-2024,,,3126
J612,264751,0.500000,UT,,,07:38:56 14-Jun-2024,,A,46.1587,-126.6253,,,,,1614,,,,,,,,,,,,,,,,,,,,,,,,,,,,,,,0,,,,,,,10:00:00 10-May-2024,,,
J612,264751,0.500000,UT,,,07:49:52 14-Jun-2024,,B,46.1587,-126.6253,,,,,,,,,13.85,,,,,,,,,,,,,,,,,,,,,,,,,,,0,,,,,,,10:00:00 10-May-2024,,,
J612,264751,0.500000,UT,,,12:07:38 14-Jun-2024,,B,46.2269,-126.6783,,,,,1696,,,,,,,,,,,,,,,,,,,,,,,,,,,,,,,0,,,,,,,10:00:00 10-May-2024,,,
J612,264751,0.500000,UT,,,12:50:50 14-Jun-2024,,B,46.3312,-126.6373,,,,,,,,,13.40,,,,,,,,,,,,,,,,,,,,,,,,,,,0,,,,,,,10:00:00 10-May-2024,,,
J612,264751,0.500000,UT,,,12:52:22 14-Jun-2024,,B,46.3312,-126.6373,,,,,,,,,,,,,,,,,,,,,,,,,,,,,,,,,,,,0,,,,,,,10:00:00 10-May-2024,,,3126
J612,264751,0.500000,UT,,,21:32:27 14-Jun-2024,,B,46.6578,-126.5294,,,,,,,,,,,,,,,,,,,,,,,,,,,,,,,,,,,,0,,,,,,,10:00:00 10-May-2024,,,3126
J612,264751,0.500000,UT,,,03:24:37 15-Jun-2024,,B,46.7373,-126.6636,,,,,,,,,,,,,,,,,,,,,,,,,,,,,,,,,,,,0,,,,,,,10:00:00 10-May-2024,,,3126
J612,264751,0.500000,UT,,,03:26:09 15-Jun-2024,,B,46.5774,-126.6961,,,,,,,,,,,,,715,,,,,,,,,,,,,,,,,,,,,,,0,,,,,,,10:00:00 10-May-2024,,,
J612,264751,0.500000,UT,,,03:40:46 15-Jun-2024,,B,46.5759,-126.6992,,,,,,,,,13.45,,,,,,,,,,,,,,,,,,,,,,,,,,,0,,,,,,,10:00:00 10-May-2024,,,
J612,264751,0.500000,UT,1.00a,,06:03:41 15-Jun-2024,,B,46.6504,-126.7489,,0,,,,,,,,,,,,,,,,,,,,,,,,,,,,,,,,,,0,,,,,,,10:00:00 10-May-2024,,,
J612,264751,0.500000,UT,,,06:04:27 15-Jun-2024,,B,46.5956,-126.8099,,,,,,,,,,,,,,,,,,,,,,,,,,,,,,,,,,,,0,,,,,,,10:00:00 10-May-2024,,,3126
J612,264751,0.500000,UT,,,07:07:34 15-Jun-2024,,B,46.6224,-126.8068,,,,,1836,,,,,,,,,,,,,,,,,,,,,,,,,,,,,,,0,,,,,,,10:00:00 10-May-2024,,,
J612,264751,0.500000,UT,,,05:58:10 21-Jun-2024,,,,,,,,,,,,,,,,,482,,,,,,,,,,,,,,,,,,,,,,,0,,,,,,,10:00:00 10-May-2024,,,
J612,264751,0.500000,UT,,,06:08:02 21-Jun-2024,,B,49.9946,-126.1265,,,,,,,,,12.30,,,,,,,,,,,,,,,,,,,,,,,,,,,0,,,,,,,10:00:00 10-May-2024,,,
J612,264751,0.500000,UT,1.00a,,06:08:48 21-Jun-2024,,B,49.9946,-126.1265,,0,,,,,,,,,,,,,,,,,,,,,,,,,,,,,,,,,,0,,,,,,,10:00:00 10-May-2024,,,
J612,264751,0.500000,UT,,,07:16:01 21-Jun-2024,,B,49.5017,-127.7444,,,,,1952,,,,,,,,,,,,,,,,,,,,,,,,,,,,,,,0,,,,,,,10:00:00 10-May-2024,,,
J612,264751,0.500000,UT,,,07:16:47 21-Jun-2024,,B,49.5017,-127.7444,,,,,,,,,,,,,402,,,,,,,,,,,,,,,,,,,,,,,0,,,,,,,10:00:00 10-May-2024,,,
J612,264751,0.500000,UT,,,07:36:26 21-Jun-2024,,B,49.5027,-127.7647,,,,,,,,,,,,,,,,,,,,,,,,,,,,,,,,,,,,0,,,,,,,10:00:00 10-May-2024,,,3126
J612,264751,0.500000,UT,,,13:11:09 21-Jun-2024,,B,49.4601,-127.8059,,,,,,,,,11.80,,,,,,,,,,,,,,,,,,,,,,,,,,,0,,,,,,,10:00:00 10-May-2024,,,
J612,264751,0.500000,UT,,,16:18:11 21-Jun-2024,,B,49.3776,-127.7444,,,,,2045,,,,,,,,,,,,,,,,,,,,,,,,,,,,,,,0,,,,,,,10:00:00 10-May-2024,,,
J612,264751,0.500000,UT,,,19:59:02 21-Jun-2024,,B,49.3169,-127.7654,,,,,,,,,,,,,853,,,,,,,,,,,,,,,,,,,,,,,0,,,,,,,10:00:00 10-May-2024,,,
J612,264751,0.500000,UT,,,20:16:34 21-Jun-2024,,B,49.3554,-127.7599,,,,,2073,,,,,,,,,,,,,,,,,,,,,,,,,,,,,,,0,,,,,,,10:00:00 10-May-2024,,,
J612,264751,0.500000,UT,,,23:41:19 21-Jun-2024,,2,49.3946,-127.6704,,,,,,,,,12.25,,,,,,,,,,,,,,,,,,,,,,,,,,,0,,,,,,,10:00:00 10-May-2024,,,
J612,264751,0.500000,UT,,,23:44:24 21-Jun-2024,,2,49.3946,-127.6704,,,,,,,,,,,,,826,,,,,,,,,,,,,,,,,,,,,,,0,,,,,,,10:00:00 10-May-2024,,,
J612,264751,0.500000,UT,,23:45:55 21-Jun-2024,23:45:56 21-Jun-2024,1,2,49.3946,-127.6704,CRC,,,,2152,3.275,,,12.30,3.5,,,201,,,,,,,,,,255,16,,0,,,,,,,0,,,0,87,,,,,,10:00:00 10-May-2024,,,
J612,264751,0.500000,UT,1.00a,,23:46:42 21-Jun-2024,,2,49.3946,-127.6704,,0,,,,,,,,,,,,,,,,,,,,,,,,,,,,,,,,,,0,,,,,,,10:00:00 10-May-2024,,,
J612,264751,0.500000,UT,,,23:47:28 21-Jun-2024,,2,49.3946,-127.6704,,,,,,,,,,,,,,,,,,,,,,,,,,,,,,,,,,,,0,,,,,,,10:00:00 10-May-2024,,,3126
J612,264751,0.500000,UT,,02:01:07 26-Jun-2024,02:01:07 26-Jun-2024,0,B,50.3285,-128.3351,CRC,,,,2227,3.200,,,12.30,3.5,,,220,,,,,,,,,,255,16,,0,,,,,,,1,,,0,25,,,,,,10:00:00 10-May-2024,,,
J612,264751,0.500000,UT,,,03:17:27 28-Jun-2024,,B,50.8601,-129.4941,,,,,,,,,,,,,761,,,,,,,,,,,,,,,,,,,,,,,0,,,,,,,10:00:00 10-May-2024,,,
J612,264751,0.500000,UT,1.00a,,03:35:33 28-Jun-2024,,B,50.8473,-129.5322,,0,,,,,,,,,,,,,,,,,,,,,,,,,,,,,,,,,,0,,,,,,,10:00:00 10-May-2024,,,
J612,264751,0.500000,UT,,,04:13:08 28-Jun-2024,,B,50.8363,-129.5716,,,,,,,,,12.10,,,,,,,,,,,,,,,,,,,,,,,,,,,0,,,,,,,10:00:00 10-May-2024,,,
J612,264751,0.500000,UT,,,04:29:07 28-Jun-2024,,B,50.7975,-129.6372,,,,,,,,,,,,,,,,,,,,,,,,,,,,,,,,,,,,0,,,,,,,10:00:00 10-May-2024,,,3126
J612,264751,0.500000,UT,1.00a,,04:46:44 28-Jun-2024,,B,50.7342,-129.6593,,0,,,,,,,,,,,,,,,,,,,,,,,,,,,,,,,,,,0,,,,,,,10:00:00 10-May-2024,,,
J612,264751,0.500000,UT,,04:47:30 28-Jun-2024,04:47:31 28-Jun-2024,1,B,50.7342,-129.6593,CRC,,,,2277,3.200,,,10.25,3.0,,,164,,,,,,,,,,255,16,,0,,,,,,,0,,,0,41,,,,,,10:00:00 10-May-2024,,,
J612,264751,0.500000,UT,1.00a,,05:04:42 28-Jun-2024,,B,50.7551,-129.6281,,0,,,,,,,,,,,,,,,,,,,,,,,,,,,,,,,,,,0,,,,,,,10:00:00 10-May-2024,,,
J612,264751,0.500000,UT,,,05:05:28 28-Jun-2024,,B,50.7551,-129.6281,,,,,,,,,,,,,,,,,,,,,,,,,,,,,,,,,,,,0,,,,,,,10:00:00 10-May-2024,,,3126
J612,264751,0.500000,UT,,,05:34:44 28-Jun-2024,,B,50.8022,-129.6815,,,,,,,,,,,,,,,,,,,,,,,,,,,,,,,,,,,,0,,,,,,,10:00:00 10-May-2024,,,3126
J612,264751,0.500000,UT,,,05:36:16 28-Jun-2024,,A,50.7824,-129.6517,,,,,,,,,,,,,488,,,,,,,,,,,,,,,,,,,,,,,0,,,,,,,10:00:00 10-May-2024,,,
J612,264751,0.500000,UT,,,05:37:03 28-Jun-2024,,B,50.8022,-129.6815,,,,,,,,,11.65,,,,,,,,,,,,,,,,,,,,,,,,,,,0,,,,,,,10:00:00 10-May-2024,,,
J612,264751,0.500000,UT,,,06:35:52 28-Jun-2024,,B,50.7977,-129.7250,,,,,2299,,,,,,,,,,,,,,,,,,,,,,,,,,,,,,,0,,,,,,,10:00:00 10-May-2024,,,
J612,264751,0.500000,UT,,,06:46:57 28-Jun-2024,,0,50.7896,-129.7067,,,,,,,,,,,,,485,,,,,,,,,,,,,,,,,,,,,,,0,,,,,,,10:00:00 10-May-2024,,,
J612,264751,0.500000,UT,,06:47:43 28-Jun-2024,06:47:44 28-Jun-2024,1,0,50.7896,-129.7067,CRC,,,,2302,3.175,,,10.70,3.0,,,113,,,,,,,,,,255,16,,0,,,,,,,1,,,0,35,,,,,,10:00:00 10-May-2024,,,
J612,264751,0.500000,UT,,,06:48:30 28-Jun-2024,,0,50.7896,-129.7067,,,,,,,,,10.10,,,,,,,,,,,,,,,,,,,,,,,,,,,0,,,,,,,10:00:00 10-May-2024,,,
J612,264751,0.500000,UT,1.00a,,06:49:16 28-Jun-2024,,0,50.7896,-129.7067,,0,,,,,,,,,,,,,,,,,,,,,,,,,,,,,,,,,,0,,,,,,,10:00:00 10-May-2024,,,
J612,264751,0.500000,UT,,,07:14:30 28-Jun-2024,,A,50.8023,-129.7515,,,,,,,,,12.70,,,,,,,,,,,,,,,,,,,,,,,,,,,0,,,,,,,10:00:00 10-May-2024,,,
J612,264751,0.500000,UT,1.00a,,07:15:16 28-Jun-2024,,A,50.8023,-129.7515,,0,,,,,,,,,,,,,,,,,,,,,,,,,,,,,,,,,,0,,,,,,,10:00:00 10-May-2024,,,
J612,264751,0.500000,UT,,,07:16:02 28-Jun-2024,,A,50.8023,-129.7515,,,,,,,,,,,,,,,,,,,,,,,,,,,,,,,,,,,,0,,,,,,,10:00:00 10-May-2024,,,3126
J612,264751,0.500000,UT,,,07:59:46 28-Jun-2024,,1,50.7910,-129.7091,,,,,2353,,,,,,,,,,,,,,,,,,,,,,,,,,,,,,,0,,,,,,,10:00:00 10-May-2024,,,
J612,264751,0.500000,UT,,,08:01:18 28-Jun-2024,,1,50.7910,-129.7091,,,,,,,,,12.70,,,,,,,,,,,,,,,,,,,,,,,,,,,0,,,,,,,10:00:00 10-May-2024,,,
J612,264751,0.500000,UT,1.00a,,08:02:05 28-Jun-2024,,1,50.7910,-129.7091,,0,,,,,,,,,,,,,,,,,,,,,,,,,,,,,,,,,,0,,,,,,,10:00:00 10-May-2024,,,
J612,264751,0.500000,UT,,,08:03:37 28-Jun-2024,,1,50.7910,-129.7091,,,,,2358,,,,,,,,,,,,,,,,,,,,,,,,,,,,,,,0,,,,,,,10:00:00 10-May-2024,,,
J612,264751,0.500000,UT,,,08:04:23 28-Jun-2024,,1,50.7910,-129.7091,,,,,,,,,,,,,463,,,,,,,,,,,,,,,,,,,,,,,0,,,,,,,10:00:00 10-May-2024,,,
J612,264751,0.500000,UT,,,08:05:09 28-Jun-2024,,1,50.7910,-129.7091,,,,,,,,,218.40,,,,,,,,,,,,,,,,,,,,,,,,,,,0,,,,,,,10:00:00 10-May-2024,,,
J612,264751,0.500000,UT,,08:48:28 28-Jun-2024,08:48:29 28-Jun-2024,1,B,50.8005,-129.7342,CRC,,,,2377,3.225,,,12.75,2.5,,,64,,,,,,,,,,231,16,,0,,,,,,,0,,,0,76,,,,,,10:00:00 10-May-2024,,,
J612,264751,0.500000,UT,1.00a,,18:50:46 28-Jun-2024,,B,50.9059,-129.9309,,0,,,,,,,,,,,,,,,,,,,,,,,,,,,,,,,,,,0,,,,,,,10:00:00 10-May-2024,,,
J612,264751,0.500000,UT,,,20:14:28 28-Jun-2024,,B,50.8863,-129.9009,,,,,,,,,11.95,,,,,,,,,,,,,,,,,,,,,,,,,,,0,,,,,,,10:00:00 10-May-2024,,,
J612,264751,0.500000,UT,,,23:55:27 28-Jun-2024,,B,50.9646,-130.1212,,,,,,,,,,,,,,,,,,,,,,,,,,,,,,,,,,,,0,,,,,,,10:00:00 10-May-2024,,,3126
J612,264751,0.500000,UT,,,04:39:10 05-Jul-2024,,,,,,,,,,,,,,,,,743,,,,,,,,,,,,,,,,,,,,,,,0,,,,,,,10:00:00 10-May-2024,,,
J612,264751,0.500000,UT,,,06:31:51 05-Jul-2024,,A,52.9044,-133.2858,,,,,,,,,12.70,,,,,,,,,,,,,,,,,,,,,,,,,,,0,,,,,,,10:00:00 10-May-2024,,,
J612,264751,0.500000,UT,,,06:33:24 05-Jul-2024,,A,52.9044,-133.2858,,,,,,,,,,,,,,,,,,,,,,,,,,,,,,,,,,,,0,,,,,,,10:00:00 10-May-2024,,,3126
J612,264751,0.500000,UT,,,06:48:01 05-Jul-2024,,,,,,,,,2636,,,,,,,,,,,,,,,,,,,,,,,,,,,,,,,0,,,,,,,10:00:00 10-May-2024,,,
J612,264751,0.500000,UT,,,06:48:47 05-Jul-2024,,,,,,,,,,,,,,,,,463,,,,,,,,,,,,,,,,,,,,,,,0,,,,,,,10:00:00 10-May-2024,,,
J612,264751,0.500000,UT,,,06:49:33 05-Jul-2024,,,,,,,,,,,,,12.85,,,,,,,,,,,,,,,,,,,,,,,,,,,0,,,,,,,10:00:00 10-May-2024,,,
J612,264751,0.500000,UT,1.00a,,07:04:49 05-Jul-2024,,B,52.9113,-133.3058,,0,,,,,,,,,,,,,,,,,,,,,,,,,,,,,,,,,,0,,,,,,,10:00:00 10-May-2024,,,
J612,264751,0.500000,UT,,,08:11:43 05-Jul-2024,,B,52.9455,-133.3046,,,,,,,,,,,,,397,,,,,,,,,,,,,,,,,,,,,,,0,,,,,,,10:00:00 10-May-2024,,,
J612,264751,0.500000,UT,,,08:12:29 05-Jul-2024,,B,52.9455,-133.3046,,,,,,,,,12.30,,,,,,,,,,,,,,,,,,,,,,,,,,,0,,,,,,,10:00:00 10-May-2024,,,
J612,264751,0.500000,UT,1.00a,,08:28:08 05-Jul-2024,,A,52.9556,-133.3268,,0,,,,,,,,,,,,,,,,,,,,,,,,,,,,,,,,,,0,,,,,,,10:00:00 10-May-2024,,,
J612,264751,0.500000,UT,,,08:28:54 05-Jul-2024,,A,52.9556,-133.3268,,,,,,,,,,,,,,,,,,,,,,,,,,,,,,,,,,,,0,,,,,,,10:00:00 10-May-2024,,,3126
J612,264751,0.500000,UT,,,08:29:40 05-Jul-2024,,A,52.9556,-133.3268,,,,,2657,,,,,,,,,,,,,,,,,,,,,,,,,,,,,,,0,,,,,,,10:00:00 10-May-2024,,,
J612,264751,0.500000,UT,1.00a,,12:48:43 05-Jul-2024,,B,53.0210,-133.4017,,0,,,,,,,,,,,,,,,,,,,,,,,,,,,,,,,,,,0,,,,,,,10:00:00 10-May-2024,,,
J612,264751,0.500000,UT,,12:50:15 05-Jul-2024,12:50:16 05-Jul-2024,1,B,53.0210,-133.4017,CRC,,,,2702,3.250,,,12.80,3.5,,,160,,,,,,,,,,255,16,,0,,,,,,,1,,,0,88,,,,,,10:00:00 10-May-2024,,,
J612,264751,0.500000,UT,1.00a,,14:25:21 05-Jul-2024,,3,53.0651,-133.3568,,0,,,,,,,,,,,,,,,,,,,,,,,,,,,,,,,,,,0,,,,,,,10:00:00 10-May-2024,,,
J612,264751,0.500000,UT,,,14:26:07 05-Jul-2024,,3,53.0651,-133.3568,,,,,,,,,,,,,,,,,,,,,,,,,,,,,,,,,,,,0,,,,,,,10:00:00 10-May-2024,,,3126
J612,264751,0.500000,UT,,,14:26:53 05-Jul-2024,,3,53.0651,-133.3568,,,,,2749,,,,,,,,,,,,,,,,,,,,,,,,,,,,,,,0,,,,,,,10:00:00 10-May-2024,,,
J612,264751,0.500000,UT,,,15:10:43 05-Jul-2024,,A,53.0635,-133.3547,,,,,,,,,,,,,,,,,,,,,,,,,,,,,,,,,,,,0,,,,,,,10:00:00 10-May-2024,,,3126
J612,264751,0.500000,UT,,,15:11:29 05-Jul-2024,,A,53.0635,-133.3547,,,,,2807,,,,,,,,,,,,,,,,,,,,,,,,,,,,,,,0,,,,,,,10:00:00 10-May-2024,,,
J612,264751,0.500000,UT,,,15:12:15 05-Jul-2024,,A,53.0635,-133.3547,,,,,,,,,,,,,785,,,,,,,,,,,,,,,,,,,,,,,0,,,,,,,10:00:00 10-May-2024,,,
J612,264751,0.500000,UT,,,15:16:06 05-Jul-2024,,3,53.0634,-133.3566,,,,,,,,,,,,,785,,,,,,,,,,,,,,,,,,,,,,,0,,,,,,,10:00:00 10-May-2024,,,
J612,264751,0.500000,UT,,,15:16:52 05-Jul-2024,,3,53.0634,-133.3566,,,,,,,,,13.15,,,,,,,,,,,,,,,,,,,,,,,,,,,0,,,,,,,10:00:00 10-May-2024,,,
J612,264751,0.500000,UT,,,15:18:24 05-Jul-2024,,3,53.0634,-133.3566,,,,,,,,,,,,,,,,,,,,,,,,,,,,,,,,,,,,0,,,,,,,10:00:00 10-May-2024,,,3126
J612,264751,0.500000,UT,,,15:19:56 05-Jul-2024,,3,53.0634,-133.3566,,,,,,,,,,,,,787,,,,,,,,,,,,,,,,,,,,,,,0,,,,,,,10:00:00 10-May-2024,,,
J612,264751,0.500000,UT,1.00a,,15:21:28 05-Jul-2024,,3,53.0634,-133.3566,,0,,,,,,,,,,,,,,,,,,,,,,,,,,,,,,,,,,0,,,,,,,10:00:00 10-May-2024,,,
J612,264751,0.500000,UT,,,15:40:32 12-Jul-2024,,B,55.5827,-135.8512,,,,,,,,,12.70,,,,,,,,,,,,,,,,,,,,,,,,,,,0,,,,,,,10:00:00 10-May-2024,,,
J612,264751,0.500000,UT,,,15:42:04 12-Jul-2024,,B,55.5827,-135.8512,,,,,,,,,,,,,,,,,,,,,,,,,,,,,,,,,,,,0,,,,,,,10:00:00 10-May-2024,,,3126
J612,264751,0.500000,UT,,,17:19:40 12-Jul-2024,,B,55.6237,-135.8330,,,,,,,,,12.75,,,,,,,,,,,,,,,,,,,,,,,,,,,0,,,,,,,10:00:00 10-May-2024,,,
J612,264751,0.500000,UT,,,19:34:48 12-Jul-2024,,B,55.3840,-136.2257,,,,,3089,,,,,,,,,,,,,,,,,,,,,,,,,,,,,,,0,,,,,,,10:00:00 10-May-2024,,,
J612,264751,0.500000,UT,,,21:13:43 12-Jul-2024,,B,55.4424,-136.3021,,,,,,,,,,,,,832,,,,,,,,,,,,,,,,,,,,,,,0,,,,,,,10:00:00 10-May-2024,,,
J612,264751,0.500000,UT,,,21:40:17 12-Jul-2024,,B,55.5491,-136.4682,,,,,,,,,12.70,,,,,,,,,,,,,,,,,,,,,,,,,,,0,,,,,,,10:00:00 10-May-2024,,,
J612,264751,0.500000,UT,,,01:54:33 13-Jul-2024,,,,,,,,,,,,,,,,,,,,,,,,,,,,,,,,,,,,,,,,0,,,,,,,10:00:00 10-May-2024,,,3126
J612,264751,0.500000,UT,,,01:56:05 13-Jul-2024,,,,,,,,,,,,,,,,,756,,,,,,,,,,,,,,,,,,,,,,,0,,,,,,,10:00:00 10-May-2024,,,
J612,264751,0.500000,UT,,,05:31:54 13-Jul-2024,,B,55.5910,-136.7076,,,,,,,,,,,,,670,,,,,,,,,,,,,,,,,,,,,,,0,,,,,,,10:00:00 10-May-2024,,,
J612,264751,0.500000,UT,,,05:52:53 13-Jul-2024,,B,55.5467,-137.5643,,,,,,,,,,,,,621,,,,,,,,,,,,,,,,,,,,,,,0,,,,,,,10:00:00 10-May-2024,,,
J612,264751,0.500000,UT,,,02:46:22 19-Jul-2024,,,,,,,,,,,,,,,,,,,,,,,,,,,,,,,,,,,,,,,,0,,,,,,,10:00:00 10-May-2024,,,3126
J612,264751,0.500000,UT,,,03:52:54 19-Jul-2024,,A,56.2232,-137.7812,,,,,,,,,,,,,775,,,,,,,,,,,,,,,,,,,,,,,0,,,,,,,10:00:00 10-May-2024,,,
J612,264751,0.500000,UT,,,03:53:40 19-Jul-2024,,A,56.2232,-137.7812,,,,,,,,,10.35,,,,,,,,,,,,,,,,,,,,,,,,,,,0,,,,,,,10:00:00 10-May-2024,,,
J612,264751,0.500000,UT,1.00a,,03:54:26 19-Jul-2024,,A,56.2232,-137.7812,,0,,,,,,,,,,,,,,,,,,,,,,,,,,,,,,,,,,0,,,,,,,10:00:00 10-May-2024,,,
J612,264751,0.500000,UT,,,04:57:27 19-Jul-2024,,B,56.1119,-139.7807,,,,,,,,,12.90,,,,,,,,,,,,,,,,,,,,,,,,,,,0,,,,,,,10:00:00 10-May-2024,,,
J612,264751,0.500000,UT,1.00a,,04:58:13 19-Jul-2024,,B,56.1119,-139.7807,,0,,,,,,,,,,,,,,,,,,,,,,,,,,,,,,,,,,0,,,,,,,10:00:00 10-May-2024,,,
J612,264751,0.500000,UT,,,05:19:08 19-Jul-2024,,A,56.2970,-141.3166,,,,,3303,,,,,,,,,,,,,,,,,,,,,,,,,,,,,,,0,,,,,,,10:00:00 10-May-2024,,,
J612,264751,0.500000,UT,,,05:21:26 19-Jul-2024,,A,56.2970,-141.3166,,,,,,,,,11.95,,,,,,,,,,,,,,,,,,,,,,,,,,,0,,,,,,,10:00:00 10-May-2024,,,
J612,264751,0.500000,UT,1.00a,,05:40:44 19-Jul-2024,,B,56.3046,-142.2230,,0,,,,,,,,,,,,,,,,,,,,,,,,,,,,,,,,,,0,,,,,,,10:00:00 10-May-2024,,,
J612,264751,0.500000,UT,,,06:03:11 19-Jul-2024,,0,56.3532,-142.1189,,,,,,,,,,,,,661,,,,,,,,,,,,,,,,,,,,,,,0,,,,,,,10:00:00 10-May-2024,,,
J612,264751,0.500000,UT,,,06:03:57 19-Jul-2024,,0,56.3532,-142.1189,,,,,,,,,9.75,,,,,,,,,,,,,,,,,,,,,,,,,,,0,,,,,,,10:00:00 10-May-2024,,,
J612,264751,0.500000,UT,1.00a,,06:04:43 19-Jul-2024,,0,56.3532,-142.1189,,0,,,,,,,,,,,,,,,,,,,,,,,,,,,,,,,,,,0,,,,,,,10:00:00 10-May-2024,,,
J612,264751,0.500000,UT,,,06:05:29 19-Jul-2024,,0,56.3532,-142.1189,,,,,,,,,,,,,,,,,,,,,,,,,,,,,,,,,,,,0,,,,,,,10:00:00 10-May-2024,,,3126
J612,264751,0.500000,UT,,,06:45:47 19-Jul-2024,,B,56.2975,-142.8186,,,,,3319,,,,,,,,,,,,,,,,,,,,,,,,,,,,,,,0,,,,,,,10:00:00 10-May-2024,,,
J612,264751,0.500000,UT,1.00a,,08:40:36 19-Jul-2024,,B,56.3950,-142.3300,,0,,,,,,,,,,,,,,,,,,,,,,,,,,,,,,,,,,0,,,,,,,10:00:00 10-May-2024,,,
J612,264751,0.500000,UT,,,15:54:28 19-Jul-2024,,B,56.1205,-144.1277,,,,,3414,,,,,,,,,,,,,,,,,,,,,,,,,,,,,,,0,,,,,,,10:00:00 10-May-2024,,,
J612,264751,0.500000,UT,,,02:58:37 20-Jul-2024,,B,56.4476,-143.1195,,,,,,,,,,,,,,,,,,,,,,,,,,,,,,,,,,,,0,,,,,,,10:00:00 10-May-2024,,,3126
J612,264751,0.500000,UT,,,01:21:27 26-Jul-2024,,B,58.0962,-147.6711,,,,,3608,,,,,,,,,,,,,,,,,,,,,,,,,,,,,,,0,,,,,,,10:00:00 10-May-2024,,,
J612,264751,0.500000,UT,1.00a,,05:19:49 26-Jul-2024,,B,58.2204,-148.1054,,0,,,,,,,,,,,,,,,,,,,,,,,,,,,,,,,,,,0,,,,,,,10:00:00 10-May-2024,,,
J612,264751,0.500000,UT,,,05:20:36 26-Jul-2024,,B,58.2204,-148.1054,,,,,,,,,,,,,,,,,,,,,,,,,,,,,,,,,,,,0,,,,,,,10:00:00 10-May-2024,,,3126
J612,264751,0.500000,UT,,,06:49:55 26-Jul-2024,,B,58.2333,-147.9824,,,,,3653,,,,,,,,,,,,,,,,,,,,,,,,,,,,,,,0,,,,,,,10:00:00 10-May-2024,,,
J612,264751,0.500000,UT,,,06:50:41 26-Jul-2024,,B,58.2333,-147.9824,,,,,,,,,,,,,564,,,,,,,,,,,,,,,,,,,,,,,0,,,,,,,10:00:00 10-May-2024,,,
J612,264751,0.500000,UT,,,07:19:44 26-Jul-2024,,B,58.2496,-148.0142,,,,,,,,,,,,,,,,,,,,,,,,,,,,,,,,,,,,0,,,,,,,10:00:00 10-May-2024,,,3126
J612,264751,0.500000,UT,,,07:20:30 26-Jul-2024,,B,58.2459,-147.9310,,,,,3659,,,,,,,,,,,,,,,,,,,,,,,,,,,,,,,0,,,,,,,10:00:00 10-May-2024,,,
J612,264751,0.500000,UT,,,07:50:45 26-Jul-2024,,B,58.2417,-147.9839,,,,,,,,,,,,,,,,,,,,,,,,,,,,,,,,,,,,0,,,,,,,10:00:00 10-May-2024,,,3126
J612,264751,0.500000,UT,,,07:51:33 26-Jul-2024,,B,58.2417,-147.9839,,,,,3664,,,,,,,,,,,,,,,,,,,,,,,,,,,,,,,0,,,,,,,10:00:00 10-May-2024,,,
J612,264751,0.500000,UT,,,08:59:31 26-Jul-2024,,B,58.2438,-148.0673,,,,,3680,,,,,,,,,,,,,,,,,,,,,,,,,,,,,,,0,,,,,,,10:00:00 10-May-2024,,,
J612,264751,0.500000,UT,1.00a,,17:52:37 26-Jul-2024,,B,58.3224,-148.7562,,0,,,,,,,,,,,,,,,,,,,,,,,,,,,,,,,,,,0,,,,,,,10:00:00 10-May-2024,,,
J612,264751,0.500000,UT,,,18:11:12 26-Jul-2024,,B,58.2738,-148.1098,,,,,,,,,,,,,775,,,,,,,,,,,,,,,,,,,,,,,0,,,,,,,10:00:00 10-May-2024,,,
J612,264751,0.500000,UT,1.00a,,20:46:22 26-Jul-2024,,B,58.3010,-148.0967,,0,,,,,,,,,,,,,,,,,,,,,,,,,,,,,,,,,,0,,,,,,,10:00:00 10-May-2024,,,
J612,264751,0.500000,UT,,,21:07:27 26-Jul-2024,,B,58.3091,-148.1245,,,,,,,,,,,,,810,,,,,,,,,,,,,,,,,,,,,,,0,,,,,,,10:00:00 10-May-2024,,,
J612,264751,0.500000,UT,1.00a,,22:17:54 26-Jul-2024,,B,58.3252,-148.2024,,0,,,,,,,,,,,,,,,,,,,,,,,,,,,,,,,,,,0,,,,,,,10:00:00 10-May-2024,,,
J612,264751,0.500000,UT,,,03:57:52 27-Jul-2024,,A,58.3389,-148.3459,,,,,,,,,13.15,,,,,,,,,,,,,,,,,,,,,,,,,,,0,,,,,,,10:00:00 10-May-2024,,,
J612,264751,0.500000,UT,1.00a,,03:58:38 27-Jul-2024,,A,58.3389,-148.3459,,0,,,,,,,,,,,,,,,,,,,,,,,,,,,,,,,,,,0,,,,,,,10:00:00 10-May-2024,,,
J612,264751,0.500000,UT,,,04:20:26 27-Jul-2024,,B,58.3494,-148.3340,,,,,,,,,,,,,,,,,,,,,,,,,,,,,,,,,,,,0,,,,,,,10:00:00 10-May-2024,,,3126
J612,264751,0.500000,UT,1.00a,,04:57:09 02-Aug-2024,,,,,,0,,,,,,,,,,,,,,,,,,,,,,,,,,,,,,,,,,0,,,,,,,10:00:00 10-May-2024,,,
J612,264751,0.500000,UT,,,05:17:46 02-Aug-2024,,,,,,,,,3978,,,,,,,,,,,,,,,,,,,,,,,,,,,,,,,0,,,,,,,10:00:00 10-May-2024,,,
J612,264751,0.500000,UT,,,06:13:47 02-Aug-2024,,,,,,,,,,,,,,,,,645,,,,,,,,,,,,,,,,,,,,,,,0,,,,,,,10:00:00 10-May-2024,,,
J612,264751,0.500000,UT,,,06:53:17 02-Aug-2024,,,,,,,,,,,,,14.60,,,,,,,,,,,,,,,,,,,,,,,,,,,0,,,,,,,10:00:00 10-May-2024,,,
J612,264751,0.500000,UT,1.00a,,07:29:56 02-Aug-2024,,,,,,0,,,,,,,,,,,,,,,,,,,,,,,,,,,,,,,,,,0,,,,,,,10:00:00 10-May-2024,,,
J612,264751,0.500000,UT,,,08:40:31 02-Aug-2024,,,,,,,,,,,,,,,,,363,,,,,,,,,,,,,,,,,,,,,,,0,,,,,,,10:00:00 10-May-2024,,,
J612,264751,0.500000,UT,1.00a,,14:40:35 02-Aug-2024,,Z,56.8729,-148.7126,,0,,,,,,,,,,,,,,,,,,,,,,,,,,,,,,,,,,0,,,,,,,10:00:00 10-May-2024,,,
J612,264751,0.500000,UT,,,14:41:22 02-Aug-2024,,Z,56.8729,-148.7126,,,,,,,,,,,,,,,,,,,,,,,,,,,,,,,,,,,,0,,,,,,,10:00:00 10-May-2024,,,3126
J612,264751,0.500000,UT,,,14:42:08 02-Aug-2024,,Z,56.8729,-148.7126,,,,,4071,,,,,,,,,,,,,,,,,,,,,,,,,,,,,,,0,,,,,,,10:00:00 10-May-2024,,,
J612,264751,0.500000,UT,1.00a,,16:49:52 02-Aug-2024,,,,,,0,,,,,,,,,,,,,,,,,,,,,,,,,,,,,,,,,,0,,,,,,,10:00:00 10-May-2024,,,
J612,264751,0.500000,UT,,,20:19:00 02-Aug-2024,,,,,,,,,,,,,,,,,,,,,,,,,,,,,,,,,,,,,,,,0,,,,,,,10:00:00 10-May-2024,,,3126
J612,264751,0.500000,UT,,,21:19:39 02-Aug-2024,,,,,,,,,,,,,,,,,828,,,,,,,,,,,,,,,,,,,,,,,0,,,,,,,10:00:00 10-May-2024,,,
J612,264751,0.500000,UT,,,01:04:39 09-Aug-2024,,,,,,,,,,,,,12.40,,,,,,,,,,,,,,,,,,,,,,,,,,,0,,,,,,,10:00:00 10-May-2024,,,
J612,264751,0.500000,UT,,,03:04:52 09-Aug-2024,,B,54.0135,-145.9053,,,,,,,,,12.70,,,,,,,,,,,,,,,,,,,,,,,,,,,0,,,,,,,10:00:00 10-May-2024,,,
J612,264751,0.500000,UT,,,03:06:24 09-Aug-2024,,B,54.0135,-145.9053,,,,,,,,,,,,,,,,,,,,,,,,,,,,,,,,,,,,0,,,,,,,10:00:00 10-May-2024,,,3126
J612,264751,0.500000,UT,,,04:32:06 09-Aug-2024,,B,54.0119,-145.9075,,,,,,,,,,,,,733,,,,,,,,,,,,,,,,,,,,,,,0,,,,,,,10:00:00 10-May-2024,,,
J612,264751,0.500000,UT,,,06:12:35 09-Aug-2024,,B,53.9720,-145.8892,,,,,,,,,,,,,,,,,,,,,,,,,,,,,,,,,,,,0,,,,,,,10:00:00 10-May-2024,,,3126
J612,264751,0.500000,UT,,,07:02:03 09-Aug-2024,,B,53.9613,-145.9300,,,,,,,,,12.55,,,,,,,,,,,,,,,,,,,,,,,,,,,0,,,,,,,10:00:00 10-May-2024,,,
J612,264751,0.500000,UT,,,08:16:28 09-Aug-2024,,B,53.9537,-145.9255,,,,,,,,,12.45,,,,,,,,,,,,,,,,,,,,,,,,,,,0,,,,,,,10:00:00 10-May-2024,,,
J612,264751,0.500000,UT,,,08:46:06 09-Aug-2024,,B,53.9198,-145.7721,,,,,,,,,,,,,,,,,,,,,,,,,,,,,,,,,,,,0,,,,,,,10:00:00 10-May-2024,,,3126
J612,264751,0.500000,UT,,,16:53:09 09-Aug-2024,,B,53.7044,-145.7352,,,,,4424,,,,,,,,,,,,,,,,,,,,,,,,,,,,,,,0,,,,,,,10:00:00 10-May-2024,,,
J612,264751,0.500000,UT,,,16:53:55 09-Aug-2024,,B,53.7044,-145.7352,,,,,,,,,,,,,776,,,,,,,,,,,,,,,,,,,,,,,0,,,,,,,10:00:00 10-May-2024,,,
J612,264751,0.500000,UT,1.00a,,18:37:35 09-Aug-2024,,B,53.7306,-145.8231,,0,,,,,,,,,,,,,,,,,,,,,,,,,,,,,,,,,,0,,,,,,,10:00:00 10-May-2024,,,
J612,264751,0.500000,UT,,,19:08:44 09-Aug-2024,,B,53.7174,-145.8225,,,,,4447,,,,,,,,,,,,,,,,,,,,,,,,,,,,,,,0,,,,,,,10:00:00 10-May-2024,,,
J612,264751,0.500000,UT,,,19:50:23 09-Aug-2024,,B,53.7149,-145.8262,,,,,,,,,,,,,791,,,,,,,,,,,,,,,,,,,,,,,0,,,,,,,10:00:00 10-May-2024,,,
J612,264751,0.500000,UT,,,20:07:31 09-Aug-2024,,B,53.7242,-145.8323,,,,,,,,,12.55,,,,,,,,,,,,,,,,,,,,,,,,,,,0,,,,,,,10:00:00 10-May-2024,,,
J612,264751,0.500000,UT,,,20:56:23 09-Aug-2024,,B,53.6776,-145.9654,,,,,,,,,,,,,,,,,,,,,,,,,,,,,,,,,,,,0,,,,,,,10:00:00 10-May-2024,,,3126
J612,264751,0.500000,UT,,,20:57:09 09-Aug-2024,,B,53.6776,-145.9654,,,,,4463,,,,,,,,,,,,,,,,,,,,,,,,,,,,,,,0,,,,,,,10:00:00 10-May-2024,,,
J612,264751,0.500000,UT,1.00a,,21:30:00 09-Aug-2024,,B,53.6613,-145.9948,,0,,,,,,,,,,,,,,,,,,,,,,,,,,,,,,,,,,0,,,,,,,10:00:00 10-May-2024,,,
J612,264751,0.500000,UT,,,21:49:23 09-Aug-2024,,B,53.6861,-146.0232,,,,,4469,,,,,,,,,,,,,,,,,,,,,,,,,,,,,,,0,,,,,,,10:00:00 10-May-2024,,,
J612,264751,0.500000,UT,,,21:50:09 09-Aug-2024,,B,53.6861,-146.0232,,,,,,,,,,,,,774,,,,,,,,,,,,,,,,,,,,,,,0,,,,,,,10:00:00 10-May-2024,,,
J612,264751,0.500000,UT,,,20:53:20 15-Aug-2024,,B,54.6588,-145.0609,,,,,4583,,,,,,,,,,,,,,,,,,,,,,,,,,,,,,,0,,,,,,,10:00:00 10-May-2024,,,
J612,264751,0.500000,UT,,,20:54:07 15-Aug-2024,,B,54.6588,-145.0609,,,,,,,,,,,,,837,,,,,,,,,,,,,,,,,,,,,,,0,,,,,,,10:00:00 10-May-2024,,,
J612,264751,0.500000,UT,1.00a,,03:30:15 16-Aug-2024,,B,52.7773,-145.3233,,0,,,,,,,,,,,,,,,,,,,,,,,,,,,,,,,,,,0,,,,,,,10:00:00 10-May-2024,,,
J612,264751,0.500000,UT,1.00a,,05:06:51 16-Aug-2024,,B,52.6482,-145.3635,,0,,,,,,,,,,,,,,,,,,,,,,,,,,,,,,,,,,0,,,,,,,10:00:00 10-May-2024,,,
J612,264751,0.500000,UT,,,06:06:23 16-Aug-2024,,B,52.5560,-145.3949,,,,,,,,,,,,,,,,,,,,,,,,,,,,,,,,,,,,0,,,,,,,10:00:00 10-May-2024,,,3126
J612,264751,0.500000,UT,,,08:01:01 16-Aug-2024,,B,52.6726,-145.3352,,,,,,,,,,,,,421,,,,,,,,,,,,,,,,,,,,,,,0,,,,,,,10:00:00 10-May-2024,,,
J612,264751,0.500000,UT,,,09:26:27 16-Aug-2024,,B,48.5272,-160.6456,,,,,,,,,,,,,482,,,,,,,,,,,,,,,,,,,,,,,0,,,,,,,10:00:00 10-May-2024,,,
J612,264751,0.500000,UT,,,09:27:13 16-Aug-2024,,B,48.5272,-160.6456,,,,,,,,,13.75,,,,,,,,,,,,,,,,,,,,,,,,,,,0,,,,,,,10:00:00 10-May-2024,,,
J612,264751,0.500000,UT,,,13:59:23 16-Aug-2024,,B,51.6853,-142.8519,,,,,,,,,13.60,,,,,,,,,,,,,,,,,,,,,,,,,,,0,,,,,,,10:00:00 10-May-2024,,,
J612,264751,0.500000,UT,,,17:18:58 16-Aug-2024,,B,51.6189,-142.8616,,,,,4757,,,,,,,,,,,,,,,,,,,,,,,,,,,,,,,0,,,,,,,10:00:00 10-May-2024,,,
J612,264751,0.500000,UT,,,01:20:08 17-Aug-2024,,B,51.4669,-142.7061,,,,,,,,,14.05,,,,,,,,,,,,,,,,,,,,,,,,,,,0,,,,,,,10:00:00 10-May-2024,,,
J612,264751,0.500000,UT,,,19:40:04 22-Aug-2024,,A,49.3479,-139.8988,,,,,,,,,,,,,834,,,,,,,,,,,,,,,,,,,,,,,0,,,,,,,10:00:00 10-May-2024,,,
J612,264751,0.500000,UT,,19:40:53 22-Aug-2024,19:40:50 22-Aug-2024,-2,A,49.3479,-139.8988,CRC,,,,4902,3.200,,,14.80,4.0,,,208,,,,,,,,,,255,16,,0,,,,,,,1,,,0,39,,,,,,10:00:00 10-May-2024,,,
J612,264751,0.500000,UT,,,03:56:43 23-Aug-2024,,B,49.3066,-139.7052,,,,,,,,,,,,,720,,,,,,,,,,,,,,,,,,,,,,,0,,,,,,,10:00:00 10-May-2024,,,
J612,264751,0.500000,UT,1.00a,,05:19:37 23-Aug-2024,,B,49.2914,-139.6733,,0,,,,,,,,,,,,,,,,,,,,,,,,,,,,,,,,,,0,,,,,,,10:00:00 10-May-2024,,,
J612,264751,0.500000,UT,,,05:38:33 23-Aug-2024,,B,49.3460,-139.7479,,,,,,,,,,,,,486,,,,,,,,,,,,,,,,,,,,,,,0,,,,,,,10:00:00 10-May-2024,,,
J612,264751,0.500000,UT,,,07:11:07 23-Aug-2024,,B,49.3003,-139.6276,,,,,,,,,,,,,407,,,,,,,,,,,,,,,,,,,,,,,0,,,,,,,10:00:00 10-May-2024,,,
J612,264751,0.500000,UT,1.00a,,07:28:11 23-Aug-2024,,B,49.3131,-139.6895,,0,,,,,,,,,,,,,,,,,,,,,,,,,,,,,,,,,,0,,,,,,,10:00:00 10-May-2024,,,
J612,264751,0.500000,UT,,,07:28:57 23-Aug-2024,,B,49.3131,-139.6895,,,,,,,,,,,,,,,,,,,,,,,,,,,,,,,,,,,,0,,,,,,,10:00:00 10-May-2024,,,3126
J612,264751,0.500000,UT,,,08:06:38 23-Aug-2024,,B,49.3241,-139.6048,,,,,,,,,15.50,,,,,,,,,,,,,,,,,,,,,,,,,,,0,,,,,,,10:00:00 10-May-2024,,,
J612,264751,0.500000,UT,,,09:01:36 23-Aug-2024,,B,49.3211,-139.5601,,,,,4995,,,,,,,,,,,,,,,,,,,,,,,,,,,,,,,0,,,,,,,10:00:00 10-May-2024,,,
J612,264751,0.500000,UT,,,15:57:03 23-Aug-2024,,B,49.2401,-139.3347,,,,,,,,,,,,,763,,,,,,,,,,,,,,,,,,,,,,,0,,,,,,,10:00:00 10-May-2024,,,
J612,264751,0.500000,UT,1.00a,,17:38:50 23-Aug-2024,,B,49.2529,-139.3586,,0,,,,,,,,,,,,,,,,,,,,,,,,,,,,,,,,,,0,,,,,,,10:00:00 10-May-2024,,,
J612,264751,0.500000,UT,,,01:21:55 24-Aug-2024,,B,49.2191,-139.2871,,,,,5104,,,,,,,,,,,,,,,,,,,,,,,,,,,,,,,0,,,,,,,10:00:00 10-May-2024,,,
J612,264751,0.500000,UT,,,01:39:03 24-Aug-2024,,B,49.2066,-139.2132,,,,,,,,,,,,,,,,,,,,,,,,,,,,,,,,,,,,0,,,,,,,10:00:00 10-May-2024,,,3126
J612,264751,0.500000,UT,,,03:29:35 24-Aug-2024,,B,49.1887,-139.1334,,,,,,,,,15.60,,,,,,,,,,,,,,,,,,,,,,,,,,,0,,,,,,,10:00:00 10-May-2024,,,
J612,264751,0.500000,UT,,,05:20:11 24-Aug-2024,,B,49.1633,-139.1422,,,,,5133,,,,,,,,,,,,,,,,,,,,,,,,,,,,,,,0,,,,,,,10:00:00 10-May-2024,,,
J612,264751,0.500000,UT,,,06:43:24 24-Aug-2024,,B,49.1477,-139.0951,,,,,5148,,,,,,,,,,,,,,,,,,,,,,,,,,,,,,,0,,,,,,,10:00:00 10-May-2024,,,
J612,264751,0.500000,UT,,,18:09:32 29-Aug-2024,,B,48.0292,-136.4135,,,,,,,,,,,,,802,,,,,,,,,,,,,,,,,,,,,,,0,,,,,,,10:00:00 10-May-2024,,,
J612,264751,0.500000,UT,1.00a,,02:23:30 30-Aug-2024,,B,47.9535,-136.5632,,0,,,,,,,,,,,,,,,,,,,,,,,,,,,,,,,,,,0,,,,,,,10:00:00 10-May-2024,,,
J612,264751,0.500000,UT,,,02:25:03 30-Aug-2024,,B,47.9535,-136.5632,,,,,5285,,,,,,,,,,,,,,,,,,,,,,,,,,,,,,,0,,,,,,,10:00:00 10-May-2024,,,
J612,264751,0.500000,UT,,,06:30:49 30-Aug-2024,,B,47.8753,-136.7864,,,,,,,,,16.05,,,,,,,,,,,,,,,,,,,,,,,,,,,0,,,,,,,10:00:00 10-May-2024,,,
J612,264751,0.500000,UT,,,18:43:31 30-Aug-2024,,B,47.7892,-136.7631,,,,,,,,,,,,,818,,,,,,,,,,,,,,,,,,,,,,,0,,,,,,,10:00:00 10-May-2024,,,
J612,264751,0.500000,UT,1.00a,,18:45:04 30-Aug-2024,,B,47.7892,-136.7631,,0,,,,,,,,,,,,,,,,,,,,,,,,,,,,,,,,,,0,,,,,,,10:00:00 10-May-2024,,,
J612,264751,0.500000,UT,,,19:28:39 30-Aug-2024,,A,47.7660,-136.6295,,,,,5467,,,,,,,,,,,,,,,,,,,,,,,,,,,,,,,0,,,,,,,10:00:00 10-May-2024,,,
J612,264751,0.500000,UT,,,19:29:25 30-Aug-2024,,A,47.7660,-136.6295,,,,,,,,,,,,,813,,,,,,,,,,,,,,,,,,,,,,,0,,,,,,,10:00:00 10-May-2024,,,
J612,264751,0.500000,UT,,,19:30:11 30-Aug-2024,,A,47.7731,-136.6232,,,,,,,,,17.10,,,,,,,,,,,,,,,,,,,,,,,,,,,0,,,,,,,10:00:00 10-May-2024,,,
J612,264751,0.500000,UT,1.00a,,19:30:57 30-Aug-2024,,A,47.7660,-136.6295,,0,,,,,,,,,,,,,,,,,,,,,,,,,,,,,,,,,,0,,,,,,,10:00:00 10-May-2024,,,
J612,264751,0.500000,UT,,,19:32:29 30-Aug-2024,,A,47.7731,-136.6232,,,,,5472,,,,,,,,,,,,,,,,,,,,,,,,,,,,,,,0,,,,,,,10:00:00 10-May-2024,,,
J612,264751,0.500000,UT,,,18:20:32 05-Sep-2024,,,,,,,,,,,,,,,,,799,,,,,,,,,,,,,,,,,,,,,,,0,,,,,,,10:00:00 10-May-2024,,,
J612,264751,0.500000,UT,,,20:00:21 05-Sep-2024,,B,46.7610,-133.8902,,,,,,,,,17.65,,,,,,,,,,,,,,,,,,,,,,,,,,,0,,,,,,,10:00:00 10-May-2024,,,
J612,264751,0.500000,UT,,,05:37:28 06-Sep-2024,,B,46.6329,-134.2636,,,,,,,,,,,,,295,,,,,,,,,,,,,,,,,,,,,,,0,,,,,,,10:00:00 10-May-2024,,,
J612,264751,0.500000,UT,1.00a,,06:38:52 06-Sep-2024,,B,46.8167,-134.5316,,0,,,,,,,,,,,,,,,,,,,,,,,,,,,,,,,,,,0,,,,,,,10:00:00 10-May-2024,,,
J612,264751,0.500000,UT,,,08:19:39 06-Sep-2024,,B,46.7074,-134.0537,,,,,22074,,,,,,,,,,,,,,,,,,,,,,,,,,,,,,,0,,,,,,,10:00:00 10-May-2024,,,
J612,264751,0.500000,UT,,,12:52:54 06-Sep-2024,,B,46.5726,-133.5970,,,,,,,,,,,,,,,,,,,,,,,,,,,,,,,,,,,,0,,,,,,,10:00:00 10-May-2024,,,3126
J612,264751,0.500000,UT,,,20:17:04 06-Sep-2024,,1,46.5386,-133.7825,,,,,5780,,,,,,,,,,,,,,,,,,,,,,,,,,,,,,,0,,,,,,,10:00:00 10-May-2024,,,
J612,264751,0.500000,UT,1.00a,,20:19:22 06-Sep-2024,,1,46.5386,-133.7825,,0,,,,,,,,,,,,,,,,,,,,,,,,,,,,,,,,,,0,,,,,,,10:00:00 10-May-2024,,,
J612,264751,0.500000,UT,,,20:21:40 06-Sep-2024,,1,46.5386,-133.7825,,,,,,,,,,,,,787,,,,,,,,,,,,,,,,,,,,,,,0,,,,,,,10:00:00 10-May-2024,,,
J612,264751,0.500000,UT,,,04:27:51 13-Sep-2024,,,,,,,,,,,,,18.20,,,,,,,,,,,,,,,,,,,,,,,,,,,0,,,,,,,10:00:00 10-May-2024,,,
J612,264751,0.500000,UT,,,05:49:25 13-Sep-2024,,,,,,,,,5962,,,,,,,,,,,,,,,,,,,,,,,,,,,,,,,0,,,,,,,10:00:00 10-May-2024,,,
J612,264751,0.500000,UT,,,06:42:07 13-Sep-2024,,,,,,,,,,,,,18.15,,,,,,,,,,,,,,,,,,,,,,,,,,,0,,,,,,,10:00:00 10-May-2024,,,
J612,264751,0.500000,UT,,,12:24:13 13-Sep-2024,,,,,,,,,,,,,16.60,,,,,,,,,,,,,,,,,,,,,,,,,,,0,,,,,,,10:00:00 10-May-2024,,,
J612,264751,0.500000,UT,,,14:27:26 13-Sep-2024,,,,,,,,,,,,,18.10,,,,,,,,,,,,,,,,,,,,,,,,,,,0,,,,,,,10:00:00 10-May-2024,,,
J612,264751,0.500000,UT,,,16:40:32 13-Sep-2024,,B,45.4090,-129.2379,,,,,,,,,,,,,768,,,,,,,,,,,,,,,,,,,,,,,0,,,,,,,10:00:00 10-May-2024,,,
J612,264751,0.500000,UT,1.00a,,17:14:01 13-Sep-2024,,B,45.5433,-129.5114,,0,,,,,,,,,,,,,,,,,,,,,,,,,,,,,,,,,,0,,,,,,,10:00:00 10-May-2024,,,
J612,264751,0.500000,UT,,,18:20:51 13-Sep-2024,,B,45.5394,-129.5091,,,,,,,,,,,,,,,,,,,,,,,,,,,,,,,,,,,,0,,,,,,,10:00:00 10-May-2024,,,3126
J612,264751,0.500000,UT,,,18:58:11 13-Sep-2024,,B,45.5402,-129.5096,,,,,,,,,,,,,828,,,,,,,,,,,,,,,,,,,,,,,0,,,,,,,10:00:00 10-May-2024,,,
J612,264751,0.500000,UT,,,21:00:58 13-Sep-2024,,B,45.5392,-129.5086,,,,,,,,,,,,,854,,,,,,,,,,,,,,,,,,,,,,,0,,,,,,,10:00:00 10-May-2024,,,
J612,264751,0.500000,UT,,,01:50:58 14-Sep-2024,,B,45.5465,-129.5003,,,,,6071,,,,,,,,,,,,,,,,,,,,,,,,,,,,,,,0,,,,,,,10:00:00 10-May-2024,,,
J612,264751,0.500000,UT,1.00a,,02:21:13 14-Sep-2024,,B,45.5618,-129.4546,,0,,,,,,,,,,,,,,,,,,,,,,,,,,,,,,,,,,0,,,,,,,10:00:00 10-May-2024,,,
J612,264751,0.500000,UT,,,03:56:55 14-Sep-2024,,B,45.5131,-129.2964,,,,,6083,,,,,,,,,,,,,,,,,,,,,,,,,,,,,,,0,,,,,,,10:00:00 10-May-2024,,,
J612,264751,0.500000,UT,,,03:58:27 14-Sep-2024,,B,45.5131,-129.2964,,,,,,,,,18.15,,,,,,,,,,,,,,,,,,,,,,,,,,,0,,,,,,,10:00:00 10-May-2024,,,
J612,264751,0.500000,UT,1.00a,,04:18:01 14-Sep-2024,,B,45.4948,-129.2813,,0,,,,,,,,,,,,,,,,,,,,,,,,,,,,,,,,,,0,,,,,,,10:00:00 10-May-2024,,,
J612,264751,0.500000,UT,,,04:40:07 14-Sep-2024,,B,45.4762,-129.2272,,,,,6089,,,,,,,,,,,,,,,,,,,,,,,,,,,,,,,0,,,,,,,10:00:00 10-May-2024,,,
J612,264751,0.500000,UT,,,05:23:10 14-Sep-2024,,B,45.4457,-129.1963,,,,,,,,,,,,,479,,,,,,,,,,,,,,,,,,,,,,,0,,,,,,,10:00:00 10-May-2024,,,
J612,264751,0.500000,UT,,,05:23:56 14-Sep-2024,,B,45.4457,-129.1963,,,,,,,,,17.55,,,,,,,,,,,,,,,,,,,,,,,,,,,0,,,,,,,10:00:00 10-May-2024,,,
J612,264751,0.500000,UT,,03:41:42 16-Sep-2024,03:41:38 16-Sep-2024,-3,B,44.7266,-127.7692,CRC,,,,6152,3.200,,,18.20,4.5,,,107,,,,,,,,,,71,15,,0,,,,,,,1,,,0,68,,,,,,10:00:00 10-May-2024,,,
J612,264751,0.500000,UT,,,15:29:23 19-Sep-2024,,,,,,,,,6197,,,,,,,,,,,,,,,,,,,,,,,,,,,,,,,0,,,,,,,10:00:00 10-May-2024,,,
J612,264751,0.500000,UT,1.00a,,21:21:25 19-Sep-2024,,,,,,0,,,,,,,,,,,,,,,,,,,,,,,,,,,,,,,,,,0,,,,,,,10:00:00 10-May-2024,,,
J612,264751,0.500000,UT,,,00:47:46 20-Sep-2024,,,,,,,,,6249,,,,,,,,,,,,,,,,,,,,,,,,,,,,,,,0,,,,,,,10:00:00 10-May-2024,,,
J612,264751,0.500000,UT,,,01:36:27 20-Sep-2024,,,,,,,,,6255,,,,,,,,,,,,,,,,,,,,,,,,,,,,,,,0,,,,,,,10:00:00 10-May-2024,,,
J612,264751,0.500000,UT,,,03:20:50 20-Sep-2024,,,,,,,,,,,,,,,,,494,,,,,,,,,,,,,,,,,,,,,,,0,,,,,,,10:00:00 10-May-2024,,,
J612,264751,0.500000,UT,,04:18:03 20-Sep-2024,04:17:59 20-Sep-2024,-3,,,,CRC,,,,6277,3.250,,,16.35,5.0,,,123,,,,,,,,,,162,15,,0,,,,,,,0,,,0,33,,,,,,10:00:00 10-May-2024,,,
J612,264751,0.500000,UT,,,04:34:18 20-Sep-2024,,B,43.2790,-125.9514,,,,,,,,,,,,,492,,,,,,,,,,,,,,,,,,,,,,,0,,,,,,,10:00:00 10-May-2024,,,
J612,264751,0.500000,UT,1.00a,,04:35:50 20-Sep-2024,,B,43.2790,-125.9514,,0,,,,,,,,,,,,,,,,,,,,,,,,,,,,,,,,,,0,,,,,,,10:00:00 10-May-2024,,,
J612,264751,0.500000,UT,,,05:04:19 20-Sep-2024,,B,43.3324,-125.8645,,,,,,,,,16.75,,,,,,,,,,,,,,,,,,,,,,,,,,,0,,,,,,,10:00:00 10-May-2024,,,
J612,264751,0.500000,UT,,,05:25:59 20-Sep-2024,,B,43.4022,-125.6911,,,,,,,,,,,,,493,,,,,,,,,,,,,,,,,,,,,,,0,,,,,,,10:00:00 10-May-2024,,,
J612,264751,0.500000,UT,,,05:26:45 20-Sep-2024,,B,43.4022,-125.6911,,,,,,,,,16.55,,,,,,,,,,,,,,,,,,,,,,,,,,,0,,,,,,,10:00:00 10-May-2024,,,
J612,264751,0.500000,UT,1.00a,,05:50:32 20-Sep-2024,,B,43.4958,-125.6790,,0,,,,,,,,,,,,,,,,,,,,,,,,,,,,,,,,,,0,,,,,,,10:00:00 10-May-2024,,,
J612,264751,0.500000,UT,,,06:13:44 20-Sep-2024,,A,43.5141,-125.6515,,,,,,,,,,,,,492,,,,,,,,,,,,,,,,,,,,,,,0,,,,,,,10:00:00 10-May-2024,,,
J612,264751,0.500000,UT,,,06:14:31 20-Sep-2024,,A,43.5141,-125.6515,,,,,,,,,16.55,,,,,,,,,,,,,,,,,,,,,,,,,,,0,,,,,,,10:00:00 10-May-2024,,,
J612,264751,0.500000,UT,1.00a,,06:23:15 20-Sep-2024,,A,43.5141,-125.6515,,0,,,,,,,,,,,,,,,,,,,,,,,,,,,,,,,,,,0,,,,,,,10:00:00 10-May-2024,,,
J612,264751,0.500000,UT,,,07:01:45 20-Sep-2024,,2,43.5232,-125.6360,,,,,,,,,17.20,,,,,,,,,,,,,,,,,,,,,,,,,,,0,,,,,,,10:00:00 10-May-2024,,,
J612,264751,0.500000,UT,1.00a,,07:02:41 20-Sep-2024,,2,43.5232,-125.6360,,0,,,,,,,,,,,,,,,,,,,,,,,,,,,,,,,,,,0,,,,,,,10:00:00 10-May-2024,,,
J612,264751,0.500000,UT,,,07:07:59 20-Sep-2024,,2,43.5232,-125.6360,,,,,,,,,,,,,,,,,,,,,,,,,,,,,,,,,,,,0,,,,,,,10:00:00 10-May-2024,,,3126
J612,264751,0.500000,UT,,,07:12:19 20-Sep-2024,,2,43.5232,-125.6360,,,,,6311,,,,,,,,,,,,,,,,,,,,,,,,,,,,,,,0,,,,,,,10:00:00 10-May-2024,,,
J612,264751,0.500000,UT,,,07:13:06 20-Sep-2024,,2,43.5232,-125.6360,,,,,,,,,,,,,462,,,,,,,,,,,,,,,,,,,,,,,0,,,,,,,10:00:00 10-May-2024,,,
J612,264751,0.500000,UT,,,07:13:52 20-Sep-2024,,2,43.5232,-125.6360,,,,,,,,,17.05,,,,,,,,,,,,,,,,,,,,,,,,,,,0,,,,,,,10:00:00 10-May-2024,,,
J612,264751,0.500000,UT,,,07:31:36 20-Sep-2024,,A,43.5052,-125.5850,,,,,,,,,17.15,,,,,,,,,,,,,,,,,,,,,,,,,,,0,,,,,,,10:00:00 10-May-2024,,,
J612,264751,0.500000,UT,1.00a,,07:32:22 20-Sep-2024,,A,43.5052,-125.5850,,0,,,,,,,,,,,,,,,,,,,,,,,,,,,,,,,,,,0,,,,,,,10:00:00 10-May-2024,,,
J612,264751,0.500000,UT,,,07:33:08 20-Sep-2024,,A,43.5052,-125.5850,,,,,,,,,,,,,,,,,,,,,,,,,,,,,,,,,,,,0,,,,,,,10:00:00 10-May-2024,,,3126
J612,264751,0.500000,UT,1.00a,,13:32:15 20-Sep-2024,,B,43.4004,-125.4546,,0,,,,,,,,,,,,,,,,,,,,,,,,,,,,,,,,,,0,,,,,,,10:00:00 10-May-2024,,,
J612,264751,0.500000,UT,,,18:35:22 20-Sep-2024,,B,43.3166,-125.4581,,,,,,,,,14.20,,,,,,,,,,,,,,,,,,,,,,,,,,,0,,,,,,,10:00:00 10-May-2024,,,
J612,264751,0.500000,UT,,,00:19:54 21-Sep-2024,,B,43.1658,-125.2249,,,,,6419,,,,,,,,,,,,,,,,,,,,,,,,,,,,,,,0,,,,,,,10:00:00 10-May-2024,,,
J612,264751,0.500000,UT,,,00:21:26 21-Sep-2024,,B,43.1658,-125.2249,,,,,,,,,14.35,,,,,,,,,,,,,,,,,,,,,,,,,,,0,,,,,,,10:00:00 10-May-2024,,,
J612,264751,0.500000,UT,,,01:57:00 21-Sep-2024,,B,43.1324,-125.1890,,,,,6431,,,,,,,,,,,,,,,,,,,,,,,,,,,,,,,0,,,,,,,10:00:00 10-May-2024,,,
J612,264751,0.500000,UT,,,03:40:16 21-Sep-2024,,B,43.1015,-125.1082,,,,,,,,,14.55,,,,,,,,,,,,,,,,,,,,,,,,,,,0,,,,,,,10:00:00 10-May-2024,,,
J612,264751,0.500000,UT,1.00a,,23:31:28 26-Sep-2024,,,,,,0,,,,,,,,,,,,,,,,,,,,,,,,,,,,,,,,,,0,,,,,,,10:00:00 10-May-2024,,,
J612,264751,0.500000,UT,,,03:35:19 27-Sep-2024,,,,,,,,,,,,,,,,,,,,,,,,,,,,,,,,,,,,,,,,0,,,,,,,10:00:00 10-May-2024,,,3126
J612,264751,0.500000,UT,,,03:50:49 27-Sep-2024,,B,39.8396,-123.6758,,,,,,,,,,,,,490,,,,,,,,,,,,,,,,,,,,,,,0,,,,,,,10:00:00 10-May-2024,,,
J612,264751,0.500000,UT,,,03:51:35 27-Sep-2024,,B,39.8396,-123.6758,,,,,,,,,14.60,,,,,,,,,,,,,,,,,,,,,,,,,,,0,,,,,,,10:00:00 10-May-2024,,,
J612,264751,0.500000,UT,,,04:09:40 27-Sep-2024,,B,39.8073,-123.6862,,,,,,,,,,,,,,,,,,,,,,,,,,,,,,,,,,,,0,,,,,,,10:00:00 10-May-2024,,,3126
J612,264751,0.500000,UT,,,05:16:20 27-Sep-2024,,B,39.6996,-123.7663,,,,,,,,,14.80,,,,,,,,,,,,,,,,,,,,,,,,,,,0,,,,,,,10:00:00 10-May-2024,,,
J612,264751,0.500000,UT,,,05:41:39 27-Sep-2024,,B,39.8789,-124.3999,,,,,,,,,14.80,,,,,,,,,,,,,,,,,,,,,,,,,,,0,,,,,,,10:00:00 10-May-2024,,,
J612,264751,0.500000,UT,,,06:34:59 27-Sep-2024,,B,39.5632,-124.3696,,,,,,,,,,,,,,,,,,,,,,,,,,,,,,,,,,,,0,,,,,,,10:00:00 10-May-2024,,,3126
J612,264751,0.500000,UT,,,07:12:02 27-Sep-2024,,B,39.5635,-124.3749,,,,,6636,,,,,,,,,,,,,,,,,,,,,,,,,,,,,,,0,,,,,,,10:00:00 10-May-2024,,,
J612,264751,0.500000,UT,,,08:47:59 27-Sep-2024,,B,39.6920,-124.3467,,,,,,,,,,,,,,,,,,,,,,,,,,,,,,,,,,,,0,,,,,,,10:00:00 10-May-2024,,,3126
J612,264751,0.500000,UT,,,13:16:36 27-Sep-2024,,B,39.6516,-124.4442,,,,,6687,,,,,,,,,,,,,,,,,,,,,,,,,,,,,,,0,,,,,,,10:00:00 10-May-2024,,,
J612,264751,0.500000,UT,,,13:18:08 27-Sep-2024,,B,39.6516,-124.4442,,,,,,,,,14.45,,,,,,,,,,,,,,,,,,,,,,,,,,,0,,,,,,,10:00:00 10-May-2024,,,
J612,264751,0.500000,UT,1.00a,,13:35:40 27-Sep-2024,,B,39.6834,-124.3698,,0,,,,,,,,,,,,,,,,,,,,,,,,,,,,,,,,,,0,,,,,,,10:00:00 10-May-2024,,,
J612,264751,0.500000,UT,,15:43:33 27-Sep-2024,15:43:29 27-Sep-2024,-3,B,39.6041,-124.3943,CRC,,,,6702,3.175,,,14.60,5.0,,,206,,,,,,,,,,145,15,,0,,,,,,,1,,,0,43,,,,,,10:00:00 10-May-2024,,,
J612,264751,0.500000,UT,,,17:05:27 27-Sep-2024,,B,39.5792,-124.3987,,,,,6710,,,,,,,,,,,,,,,,,,,,,,,,,,,,,,,0,,,,,,,10:00:00 10-May-2024,,,
J612,264751,0.500000,UT,,,20:55:06 27-Sep-2024,,B,39.5907,-124.3126,,,,,,,,,,,,,844,,,,,,,,,,,,,,,,,,,,,,,0,,,,,,,10:00:00 10-May-2024,,,
J612,264751,0.500000,UT,,,01:37:04 28-Sep-2024,,B,39.5610,-124.3055,,,,,6766,,,,,,,,,,,,,,,,,,,,,,,,,,,,,,,0,,,,,,,10:00:00 10-May-2024,,,
J612,264751,0.500000,UT,,,13:27:09 03-Oct-2024,,0,37.1449,-122.3636,,,,,,,,,,,,,501,,,,,,,,,,,,,,,,,,,,,,,0,,,,,,,10:00:00 10-May-2024,,,
J612,264751,0.500000,UT,,,13:27:55 03-Oct-2024,,0,37.1449,-122.3636,,,,,,,,,13.30,,,,,,,,,,,,,,,,,,,,,,,,,,,0,,,,,,,10:00:00 10-May-2024,,,
J612,264751,0.500000,UT,1.00a,,13:37:52 03-Oct-2024,,0,37.1449,-122.3636,,0,,,,,,,,,,,,,,,,,,,,,,,,,,,,,,,,,,0,,,,,,,10:00:00 10-May-2024,,,
J612,264751,0.500000,UT,,,13:38:38 03-Oct-2024,,0,37.1449,-122.3636,,,,,,,,,,,,,,,,,,,,,,,,,,,,,,,,,,,,0,,,,,,,10:00:00 10-May-2024,,,3126
J612,264751,0.500000,UT,,,13:57:57 03-Oct-2024,,B,37.1407,-122.3746,,,,,,,,,,,,,667,,,,,,,,,,,,,,,,,,,,,,,0,,,,,,,10:00:00 10-May-2024,,,
J612,264751,0.500000,UT,,,13:58:43 03-Oct-2024,,B,37.1407,-122.3746,,,,,,,,,13.20,,,,,,,,,,,,,,,,,,,,,,,,,,,0,,,,,,,10:00:00 10-May-2024,,,
J612,264751,0.500000,UT,1.00a,,14:07:09 03-Oct-2024,,B,37.1380,-122.3740,,0,,,,,,,,,,,,,,,,,,,,,,,,,,,,,,,,,,0,,,,,,,10:00:00 10-May-2024,,,
J612,264751,0.500000,UT,,,14:48:51 03-Oct-2024,,3,37.1130,-122.3431,,,,,,,,,14.15,,,,,,,,,,,,,,,,,,,,,,,,,,,0,,,,,,,10:00:00 10-May-2024,,,
J612,264751,0.500000,UT,1.00a,,14:49:37 03-Oct-2024,,3,37.1130,-122.3431,,0,,,,,,,,,,,,,,,,,,,,,,,,,,,,,,,,,,0,,,,,,,10:00:00 10-May-2024,,,
J612,264751,0.500000,UT,,,14:53:51 03-Oct-2024,,3,37.1130,-122.3431,,,,,,,,,,,,,,,,,,,,,,,,,,,,,,,,,,,,0,,,,,,,10:00:00 10-May-2024,,,3126
J612,264751,0.500000,UT,,,14:58:46 03-Oct-2024,,3,37.1130,-122.3431,,,,,,,,,,,,,822,,,,,,,,,,,,,,,,,,,,,,,0,,,,,,,10:00:00 10-May-2024,,,
J612,264751,0.500000,UT,1.00a,,15:11:25 03-Oct-2024,,A,37.0962,-122.3272,,0,,,,,,,,,,,,,,,,,,,,,,,,,,,,,,,,,,0,,,,,,,10:00:00 10-May-2024,,,
J612,264751,0.500000,UT,,,15:15:27 03-Oct-2024,,A,37.0962,-122.3272,,,,,6873,,,,,,,,,,,,,,,,,,,,,,,,,,,,,,,0,,,,,,,10:00:00 10-May-2024,,,
J612,264751,0.500000,UT,,,15:16:13 03-Oct-2024,,A,37.0962,-122.3272,,,,,,,,,,,,,877,,,,,,,,,,,,,,,,,,,,,,,0,,,,,,,10:00:00 10-May-2024,,,
J612,264751,0.500000,UT,,,15:29:52 03-Oct-2024,,B,37.0918,-122.3178,,,,,6880,,,,,,,,,,,,,,,,,,,,,,,,,,,,,,,0,,,,,,,10:00:00 10-May-2024,,,
J612,264751,0.500000,UT,,,15:30:42 03-Oct-2024,,B,37.0918,-122.3178,,,,,,,,,,,,,878,,,,,,,,,,,,,,,,,,,,,,,0,,,,,,,10:00:00 10-May-2024,,,
J612,264751,0.500000,UT,1.00a,,15:56:39 03-Oct-2024,,B,37.1020,-122.3191,,0,,,,,,,,,,,,,,,,,,,,,,,,,,,,,,,,,,0,,,,,,,10:00:00 10-May-2024,,,
J612,264751,0.500000,UT,1.00a,,16:30:21 03-Oct-2024,,3,37.1156,-122.3380,,0,,,,,,,,,,,,,,,,,,,,,,,,,,,,,,,,,,0,,,,,,,10:00:00 10-May-2024,,,
J612,264751,0.500000,UT,,,16:31:53 03-Oct-2024,,3,37.1156,-122.3380,,,,,6921,,,,,,,,,,,,,,,,,,,,,,,,,,,,,,,0,,,,,,,10:00:00 10-May-2024,,,
J612,264751,0.500000,UT,,,16:32:39 03-Oct-2024,,3,37.1156,-122.3380,,,,,,,,,,,,,896,,,,,,,,,,,,,,,,,,,,,,,0,,,,,,,10:00:00 10-May-2024,,,
J612,264751,0.500000,UT,,,16:33:26 03-Oct-2024,,3,37.1156,-122.3380,,,,,,,,,18.85,,,,,,,,,,,,,,,,,,,,,,,,,,,0,,,,,,,10:00:00 10-May-2024,,,
J612,264751,0.500000,UT,,16:35:48 03-Oct-2024,16:35:44 03-Oct-2024,-3,3,37.1156,-122.3380,CRC,,,,6927,3.250,,,20.05,5.0,,,200,,,,,,,,,,255,15,,0,,,,,,,0,,,0,25,,,,,,10:00:00 10-May-2024,,,
J612,264751,0.500000,UT,,,16:36:30 03-Oct-2024,,3,37.1156,-122.3380,,,,,6927,,,,,,,,,,,,,,,,,,,,,,,,,,,,,,,0,,,,,,,10:00:00 10-May-2024,,,
J612,264751,0.500000,UT,,,16:37:16 03-Oct-2024,,3,37.1156,-122.3380,,,,,,,,,,,,,866,,,,,,,,,,,,,,,,,,,,,,,0,,,,,,,10:00:00 10-May-2024,,,
J612,264751,0.500000,UT,,,16:38:02 03-Oct-2024,,3,37.1156,-122.3380,,,,,,,,,19.45,,,,,,,,,,,,,,,,,,,,,,,,,,,0,,,,,,,10:00:00 10-May-2024,,,
J612,264751,0.500000,UT,,,16:39:35 03-Oct-2024,,3,37.1156,-122.3380,,,,,,,,,,,,,,,,,,,,,,,,,,,,,,,,,,,,0,,,,,,,10:00:00 10-May-2024,,,3126
J612,264751,0.500000,UT,,,17:00:20 03-Oct-2024,,3,37.1210,-122.3301,,,,,6958,,,,,,,,,,,,,,,,,,,,,,,,,,,,,,,0,,,,,,,10:00:00 10-May-2024,,,
J612,264751,0.500000,UT,,,17:01:06 03-Oct-2024,,3,37.1210,-122.3301,,,,,,,,,,,,,763,,,,,,,,,,,,,,,,,,,,,,,0,,,,,,,10:00:00 10-May-2024,,,
J612,264751,0.500000,UT,,,17:01:52 03-Oct-2024,,3,37.1210,-122.3301,,,,,,,,,25.35,,,,,,,,,,,,,,,,,,,,,,,,,,,0,,,,,,,10:00:00 10-May-2024,,,
J612,264751,0.500000,UT,1.00a,,17:02:38 03-Oct-2024,,3,37.1210,-122.3301,,0,,,,,,,,,,,,,,,,,,,,,,,,,,,,,,,,,,0,,,,,,,10:00:00 10-May-2024,,,
J612,264751,0.500000,UT,,,17:04:11 03-Oct-2024,,3,37.1210,-122.3301,,,,,6963,,,,,,,,,,,,,,,,,,,,,,,,,,,,,,,0,,,,,,,10:00:00 10-May-2024,,,
J612,264751,0.500000,UT,,,17:04:57 03-Oct-2024,,3,37.1210,-122.3301,,,,,,,,,,,,,746,,,,,,,,,,,,,,,,,,,,,,,0,,,,,,,10:00:00 10-May-2024,,,
J612,264751,0.500000,UT,,,17:34:10 03-Oct-2024,,3,37.1180,-122.3333,,,,,,,,,31.20,,,,,,,,,,,,,,,,,,,,,,,,,,,0,,,,,,,10:00:00 10-May-2024,,,
J612,264751,0.500000,UT,1.00a,,17:34:56 03-Oct-2024,,3,37.1180,-122.3333,,0,,,,,,,,,,,,,,,,,,,,,,,,,,,,,,,,,,0,,,,,,,10:00:00 10-May-2024,,,
J612,264751,0.500000,UT,,,17:36:28 03-Oct-2024,,3,37.1180,-122.3333,,,,,7005,,,,,,,,,,,,,,,,,,,,,,,,,,,,,,,0,,,,,,,10:00:00 10-May-2024,,,
J612,264751,0.500000,UT,,,17:38:00 03-Oct-2024,,3,37.1180,-122.3333,,,,,,,,,29.40,,,,,,,,,,,,,,,,,,,,,,,,,,,0,,,,,,,10:00:00 10-May-2024,,,
J612,264751,0.500000,UT,,,17:39:33 03-Oct-2024,,3,37.1180,-122.3333,,,,,,,,,,,,,,,,,,,,,,,,,,,,,,,,,,,,0,,,,,,,10:00:00 10-May-2024,,,3126
J612,264751,0.500000,UT,,,17:40:19 03-Oct-2024,,3,37.1180,-122.3333,,,,,7010,,,,,,,,,,,,,,,,,,,,,,,,,,,,,,,0,,,,,,,10:00:00 10-May-2024,,,
J612,264751,0.500000,UT,,,17:44:55 03-Oct-2024,,2,37.1207,-122.3574,,,,,,,,,,,,,824,,,,,,,,,,,,,,,,,,,,,,,0,,,,,,,10:00:00 10-May-2024,,,
J612,264751,0.500000,UT,,,17:45:42 03-Oct-2024,,2,37.1207,-122.3574,,,,,,,,,29.45,,,,,,,,,,,,,,,,,,,,,,,,,,,0,,,,,,,10:00:00 10-May-2024,,,
J612,264751,0.500000,UT,1.00a,,17:46:28 03-Oct-2024,,2,37.1207,-122.3574,,0,,,,,,,,,,,,,,,,,,,,,,,,,,,,,,,,,,0,,,,,,,10:00:00 10-May-2024,,,
J612,264751,0.500000,UT,,,17:48:46 03-Oct-2024,,2,37.1207,-122.3574,,,,,,,,,,,,,905,,,,,,,,,,,,,,,,,,,,,,,0,,,,,,,10:00:00 10-May-2024,,,
J612,264751,0.500000,UT,,,17:49:32 03-Oct-2024,,2,37.1207,-122.3574,,,,,,,,,32.00,,,,,,,,,,,,,,,,,,,,,,,,,,,0,,,,,,,10:00:00 10-May-2024,,,
J612,264751,0.500000,UT,1.00a,,17:50:18 03-Oct-2024,,2,37.1207,-122.3574,,0,,,,,,,,,,,,,,,,,,,,,,,,,,,,,,,,,,0,,,,,,,10:00:00 10-May-2024,,,
J612,264751,0.500000,UT,,,17:51:04 03-Oct-2024,,2,37.1207,-122.3574,,,,,,,,,,,,,,,,,,,,,,,,,,,,,,,,,,,,0,,,,,,,10:00:00 10-May-2024,,,3126
J612,264751,0.500000,UT,,,17:51:51 03-Oct-2024,,2,37.1207,-122.3574,,,,,7025,,,,,,,,,,,,,,,,,,,,,,,,,,,,,,,0,,,,,,,10:00:00 10-May-2024,,,
J612,264751,0.500000,UT,,17:52:41 03-Oct-2024,17:52:37 03-Oct-2024,-3,2,37.1207,-122.3574,CRC,,,,7027,3.300,,,33.30,5.5,,,225,,,,,,,,,,255,15,,0,,,,,,,0,,,0,29,,,,,,10:00:00 10-May-2024,,,
J612,264751,0.500000,UT,,,17:53:23 03-Oct-2024,,2,37.1207,-122.3574,,,,,,,,,,,,,904,,,,,,,,,,,,,,,,,,,,,,,0,,,,,,,10:00:00 10-May-2024,,,
J612,264751,0.500000,UT,,,18:23:22 03-Oct-2024,,3,37.1142,-122.3310,,,,,,,,,,,,,,,,,,,,,,,,,,,,,,,,,,,,0,,,,,,,10:00:00 10-May-2024,,,3126
J612,264751,0.500000,UT,,,18:24:08 03-Oct-2024,,3,37.1142,-122.3310,,,,,7067,,,,,,,,,,,,,,,,,,,,,,,,,,,,,,,0,,,,,,,10:00:00 10-May-2024,,,
J612,264751,0.500000,UT,,,18:25:40 03-Oct-2024,,3,37.1142,-122.3310,,,,,,,,,32.35,,,,,,,,,,,,,,,,,,,,,,,,,,,0,,,,,,,10:00:00 10-May-2024,,,
J612,264751,0.500000,UT,1.00a,,18:26:26 03-Oct-2024,,3,37.1142,-122.3310,,0,,,,,,,,,,,,,,,,,,,,,,,,,,,,,,,,,,0,,,,,,,10:00:00 10-May-2024,,,
J612,264751,0.500000,UT,,,18:27:59 03-Oct-2024,,3,37.1142,-122.3310,,,,,7072,,,,,,,,,,,,,,,,,,,,,,,,,,,,,,,0,,,,,,,10:00:00 10-May-2024,,,
J612,264751,0.500000,UT,,,18:40:17 03-Oct-2024,,3,37.1169,-122.3350,,,,,7088,,,,,,,,,,,,,,,,,,,,,,,,,,,,,,,0,,,,,,,10:00:00 10-May-2024,,,
J612,264751,0.500000,UT,,,18:41:03 03-Oct-2024,,3,37.1169,-122.3350,,,,,,,,,,,,,867,,,,,,,,,,,,,,,,,,,,,,,0,,,,,,,10:00:00 10-May-2024,,,
J612,264751,0.500000,UT,,,18:41:49 03-Oct-2024,,3,37.1169,-122.3350,,,,,,,,,33.50,,,,,,,,,,,,,,,,,,,,,,,,,,,0,,,,,,,10:00:00 10-May-2024,,,
J612,264751,0.500000,UT,1.00a,,18:42:35 03-Oct-2024,,3,37.1169,-122.3350,,0,,,,,,,,,,,,,,,,,,,,,,,,,,,,,,,,,,0,,,,,,,10:00:00 10-May-2024,,,
J612,264751,0.500000,UT,,,18:43:21 03-Oct-2024,,3,37.1169,-122.3350,,,,,,,,,,,,,,,,,,,,,,,,,,,,,,,,,,,,0,,,,,,,10:00:00 10-May-2024,,,3126
J612,264751,0.500000,UT,,,18:44:53 03-Oct-2024,,3,37.1169,-122.3350,,,,,,,,,,,,,871,,,,,,,,,,,,,,,,,,,,,,,0,,,,,,,10:00:00 10-May-2024,,,
